qid,sitelinks,lang
Q42331490,9,Arabic
Q335448,9,Arabic
Q4119326,9,Arabic
Q2023114,9,Arabic
Q3318377,9,Arabic
Q1411670,9,Arabic
Q1529348,9,Arabic
Q1710138,9,Arabic
Q4120307,9,Arabic
Q400824,9,Arabic
Q4165440,9,Arabic
Q705607,9,Arabic
Q2058254,9,Arabic
Q3660608,9,Arabic
Q4165852,9,Arabic
Q1751018,9,Arabic
Q281390,9,Arabic
Q12230326,9,Arabic
Q918764,9,Arabic
Q3048651,9,Arabic
Q1463304,9,Arabic
Q4884383,9,Arabic
Q401372,9,Arabic
Q2359343,9,Arabic
Q324779,9,Arabic
Q7111346,9,Arabic
Q2918972,9,Arabic
Q2084346,9,Arabic
Q1391657,9,Arabic
Q2836397,9,Arabic
Q2905903,9,Arabic
Q2916865,9,Arabic
Q2701893,10,Arabic
Q50376370,12,Arabic
Q2836372,11,Arabic
Q793859,11,Arabic
Q4119544,14,Arabic
Q1871590,10,Arabic
Q2911515,14,Arabic
Q5104483,11,Arabic
Q1609124,10,Arabic
Q3777410,11,Arabic
Q3184092,11,Arabic
Q965535,14,Arabic
Q2339569,11,Arabic
Q920526,14,Arabic
Q4165546,10,Arabic
Q400729,10,Arabic
Q307784,10,Arabic
Q2821436,13,Arabic
Q3133541,11,Arabic
Q2843364,10,Arabic
Q27883,14,Arabic
Q950137,13,Arabic
Q359766,13,Arabic
Q3571334,10,Arabic
Q205000,10,Arabic
Q4164547,13,Arabic
Q4664585,11,Arabic
Q4664689,13,Arabic
Q4116307,11,Arabic
Q1951817,12,Arabic
Q4164538,14,Arabic
Q403535,13,Arabic
Q1359497,11,Arabic
Q2827672,11,Arabic
Q2919027,10,Arabic
Q18684778,11,Arabic
Q3217855,13,Arabic
Q3064382,11,Arabic
Q2662234,14,Arabic
Q3079869,12,Arabic
Q335411,11,Arabic
Q2817261,11,Arabic
Q1675962,11,Arabic
Q24286956,14,Arabic
Q2777797,11,Arabic
Q3325447,13,Arabic
Q2827647,10,Arabic
Q2456904,12,Arabic
Q5941667,10,Arabic
Q3509909,11,Arabic
Q733972,14,Arabic
Q3293001,13,Arabic
Q784796,13,Arabic
Q2706504,13,Arabic
Q668603,11,Arabic
Q358669,10,Arabic
Q4308836,13,Arabic
Q1588608,13,Arabic
Q17057004,12,Arabic
Q4165378,11,Arabic
Q12181838,11,Arabic
Q2897231,10,Arabic
Q2821444,11,Arabic
Q308064,12,Arabic
Q1686857,11,Arabic
Q2602302,13,Arabic
Q289886,12,Arabic
Q4115542,11,Arabic
Q4063330,10,Arabic
Q3380886,10,Arabic
Q446774,12,Arabic
Q98074662,10,Arabic
Q307463,13,Arabic
Q3481156,10,Arabic
Q2096557,14,Arabic
Q12180708,12,Arabic
Q1393513,14,Arabic
Q4117952,12,Arabic
Q1031954,14,Arabic
Q1751022,13,Arabic
Q4120248,12,Arabic
Q4120495,10,Arabic
Q889126,13,Arabic
Q887821,14,Arabic
Q1887149,11,Arabic
Q287643,13,Arabic
Q438662,14,Arabic
Q3774929,11,Arabic
Q47121035,10,Arabic
Q4115112,14,Arabic
Q2821199,11,Arabic
Q970115,12,Arabic
Q1329184,10,Arabic
Q2915617,13,Arabic
Q1370042,12,Arabic
Q1371476,12,Arabic
Q2993475,18,Arabic
Q3661283,17,Arabic
Q307814,19,Arabic
Q1381809,17,Arabic
Q123413,17,Arabic
Q403740,16,Arabic
Q461341,18,Arabic
Q1366556,16,Arabic
Q16053060,19,Arabic
Q303651,15,Arabic
Q3506406,17,Arabic
Q115486,17,Arabic
Q381486,15,Arabic
Q710964,19,Arabic
Q1292364,17,Arabic
Q3533955,16,Arabic
Q604530,18,Arabic
Q462287,17,Arabic
Q1394004,17,Arabic
Q12222098,17,Arabic
Q2669418,18,Arabic
Q641011,15,Arabic
Q335637,18,Arabic
Q60216,17,Arabic
Q1397035,17,Arabic
Q335335,17,Arabic
Q712690,17,Arabic
Q169834,17,Arabic
Q173646,15,Arabic
Q3012690,16,Arabic
Q2499944,16,Arabic
Q1395748,15,Arabic
Q2066255,16,Arabic
Q2918967,15,Arabic
Q307619,16,Arabic
Q400643,15,Arabic
Q4937382,16,Arabic
Q1355038,19,Arabic
Q2827460,22,Arabic
Q449254,22,Arabic
Q732062,24,Arabic
Q2362588,23,Arabic
Q307338,22,Arabic
Q6957693,20,Arabic
Q3296283,22,Arabic
Q403629,21,Arabic
Q368209,21,Arabic
Q387953,21,Arabic
Q2064734,21,Arabic
Q2312843,23,Arabic
Q3046947,22,Arabic
Q30081749,20,Arabic
Q144693,21,Arabic
Q1335169,20,Arabic
Q2900391,22,Arabic
Q2142023,23,Arabic
Q420743,20,Arabic
Q2620640,20,Arabic
Q262642,24,Arabic
Q307451,24,Arabic
Q283908,23,Arabic
Q555348,20,Arabic
Q377921,23,Arabic
Q508848,24,Arabic
Q167543,24,Arabic
Q2043799,24,Arabic
Q512535,23,Arabic
Q507774,28,Arabic
Q307540,27,Arabic
Q714744,27,Arabic
Q506193,25,Arabic
Q59691,27,Arabic
Q1262212,29,Arabic
Q307459,25,Arabic
Q2019161,28,Arabic
Q469299,27,Arabic
Q740282,27,Arabic
Q293515,28,Arabic
Q271903,25,Arabic
Q212190,29,Arabic
Q470946,25,Arabic
Q307786,32,Arabic
Q380474,34,Arabic
Q296724,34,Arabic
Q336347,33,Arabic
Q1060637,30,Arabic
Q369936,30,Arabic
Q467895,31,Arabic
Q374306,35,Arabic
Q284558,36,Arabic
Q312611,35,Arabic
Q2424957,37,Arabic
Q311160,35,Arabic
Q311798,38,Arabic
Q19609480,36,Arabic
Q2423343,40,Arabic
Q242376,43,Arabic
Q234289,44,Arabic
Q312973,45,Arabic
Q238046,48,Arabic
Q298577,54,Arabic
Q297006,53,Arabic
Q643348,69,Arabic
Q731003,9,Chinese
Q545822,9,Chinese
Q8053521,9,Chinese
Q11071010,9,Chinese
Q708535,9,Chinese
Q716429,9,Chinese
Q716097,9,Chinese
Q698353,9,Chinese
Q709905,9,Chinese
Q6059091,9,Chinese
Q576272,9,Chinese
Q3274611,9,Chinese
Q3022453,9,Chinese
Q6123787,9,Chinese
Q3569077,9,Chinese
Q4531631,9,Chinese
Q15088264,9,Chinese
Q837331,9,Chinese
Q5787518,9,Chinese
Q19800,9,Chinese
Q6777860,9,Chinese
Q7308489,9,Chinese
Q716959,9,Chinese
Q716041,9,Chinese
Q842505,9,Chinese
Q715280,9,Chinese
Q697733,9,Chinese
Q3274102,9,Chinese
Q3436012,9,Chinese
Q3051986,9,Chinese
Q1069897,9,Chinese
Q2095915,9,Chinese
Q724200,12,Chinese
Q707282,14,Chinese
Q16948404,10,Chinese
Q699110,12,Chinese
Q710049,12,Chinese
Q707594,10,Chinese
Q934493,13,Chinese
Q716911,12,Chinese
Q495182,11,Chinese
Q11101097,12,Chinese
Q363049,10,Chinese
Q1154748,12,Chinese
Q5246464,14,Chinese
Q716929,13,Chinese
Q696704,14,Chinese
Q712007,13,Chinese
Q712806,11,Chinese
Q492897,12,Chinese
Q5894047,10,Chinese
Q6932396,14,Chinese
Q706349,10,Chinese
Q711071,13,Chinese
Q700481,10,Chinese
Q842272,11,Chinese
Q10867353,12,Chinese
Q716338,12,Chinese
Q10910024,10,Chinese
Q8426451,11,Chinese
Q1412041,11,Chinese
Q606539,12,Chinese
Q116624,12,Chinese
Q589406,10,Chinese
Q1320703,14,Chinese
Q713079,10,Chinese
Q606759,12,Chinese
Q2311429,12,Chinese
Q4053873,10,Chinese
Q323519,10,Chinese
Q698537,11,Chinese
Q2281991,10,Chinese
Q712109,11,Chinese
Q1135688,12,Chinese
Q564886,14,Chinese
Q838069,11,Chinese
Q1076775,10,Chinese
Q1530440,14,Chinese
Q519871,13,Chinese
Q710402,11,Chinese
Q2300087,11,Chinese
Q2474573,14,Chinese
Q1069890,12,Chinese
Q988431,12,Chinese
Q1317110,12,Chinese
Q281514,14,Chinese
Q1369370,14,Chinese
Q707927,10,Chinese
Q715418,14,Chinese
Q697686,14,Chinese
Q1926859,10,Chinese
Q1192341,12,Chinese
Q2982450,14,Chinese
Q537130,11,Chinese
Q16260902,11,Chinese
Q3267036,10,Chinese
Q711873,13,Chinese
Q706876,14,Chinese
Q197347,13,Chinese
Q1335071,10,Chinese
Q709878,11,Chinese
Q4256063,10,Chinese
Q718107,11,Chinese
Q707031,10,Chinese
Q1386208,13,Chinese
Q701418,10,Chinese
Q282412,14,Chinese
Q3112861,13,Chinese
Q699144,10,Chinese
Q198231,14,Chinese
Q6539998,10,Chinese
Q705850,10,Chinese
Q8308839,11,Chinese
Q701445,11,Chinese
Q570407,14,Chinese
Q1367171,14,Chinese
Q704330,10,Chinese
Q8299200,10,Chinese
Q704286,13,Chinese
Q971925,11,Chinese
Q3755285,10,Chinese
Q443186,14,Chinese
Q9312298,12,Chinese
Q2311485,13,Chinese
Q86362,11,Chinese
Q333469,11,Chinese
Q708966,11,Chinese
Q710100,14,Chinese
Q2619710,17,Chinese
Q84015,18,Chinese
Q62126,17,Chinese
Q1346626,17,Chinese
Q242101,19,Chinese
Q711989,15,Chinese
Q700284,15,Chinese
Q705864,15,Chinese
Q1207679,16,Chinese
Q597003,16,Chinese
Q715627,16,Chinese
Q710752,16,Chinese
Q1167488,17,Chinese
Q256411,18,Chinese
Q706293,17,Chinese
Q708819,17,Chinese
Q601957,16,Chinese
Q704565,15,Chinese
Q703153,19,Chinese
Q197624,15,Chinese
Q4108141,16,Chinese
Q471450,18,Chinese
Q701020,17,Chinese
Q1352743,19,Chinese
Q197201,17,Chinese
Q701897,16,Chinese
Q198153,17,Chinese
Q709248,15,Chinese
Q1396175,17,Chinese
Q704276,17,Chinese
Q3270698,15,Chinese
Q702111,15,Chinese
Q382192,15,Chinese
Q1204208,17,Chinese
Q465264,15,Chinese
Q78631,17,Chinese
Q709887,15,Chinese
Q709550,16,Chinese
Q381822,24,Chinese
Q704889,20,Chinese
Q1326536,20,Chinese
Q724165,23,Chinese
Q1355886,20,Chinese
Q3272963,20,Chinese
Q1191225,23,Chinese
Q544432,22,Chinese
Q77895,22,Chinese
Q706837,21,Chinese
Q700939,23,Chinese
Q253682,23,Chinese
Q445747,23,Chinese
Q705832,22,Chinese
Q144348,23,Chinese
Q1326844,21,Chinese
Q198051,21,Chinese
Q455583,22,Chinese
Q1243676,22,Chinese
Q636593,20,Chinese
Q713705,20,Chinese
Q716743,24,Chinese
Q16400,22,Chinese
Q588110,22,Chinese
Q1150358,22,Chinese
Q704161,22,Chinese
Q700892,20,Chinese
Q505710,22,Chinese
Q463688,20,Chinese
Q559750,28,Chinese
Q189512,27,Chinese
Q203782,26,Chinese
Q526989,26,Chinese
Q466972,29,Chinese
Q467701,28,Chinese
Q509360,25,Chinese
Q716700,26,Chinese
Q353783,26,Chinese
Q147220,28,Chinese
Q365894,27,Chinese
Q371966,26,Chinese
Q464563,28,Chinese
Q254196,29,Chinese
Q313322,32,Chinese
Q4054419,31,Chinese
Q47667,34,Chinese
Q1342961,32,Chinese
Q381194,32,Chinese
Q5576440,30,Chinese
Q1207860,34,Chinese
Q358494,37,Chinese
Q264517,35,Chinese
Q357821,36,Chinese
Q378517,38,Chinese
Q465324,37,Chinese
Q197358,35,Chinese
Q444591,35,Chinese
Q378462,40,Chinese
Q559957,43,Chinese
Q159967,44,Chinese
Q99850,45,Chinese
Q313324,47,Chinese
Q18301,51,Chinese
Q182874,50,Chinese
Q42063,65,Chinese
Q2357893,9,English
Q2479905,9,English
Q885839,9,English
Q243110,9,English
Q82476,9,English
Q3057212,9,English
Q3293950,9,English
Q962609,9,English
Q3290457,9,English
Q711867,9,English
Q300334,9,English
Q6762923,9,English
Q11835565,9,English
Q1366473,9,English
Q927542,9,English
Q2976980,9,English
Q7172561,9,English
Q1471201,9,English
Q477984,9,English
Q768776,9,English
Q2156711,9,English
Q3238155,9,English
Q5126174,9,English
Q1549044,9,English
Q693613,9,English
Q4703990,9,English
Q3126455,9,English
Q357624,9,English
Q25189650,9,English
Q2975001,9,English
Q16090757,9,English
Q1173882,9,English
Q717250,10,English
Q3807871,10,English
Q508101,10,English
Q1388461,14,English
Q3807508,13,English
Q3101412,14,English
Q925017,12,English
Q1291544,13,English
Q5487434,10,English
Q3856171,12,English
Q1392142,10,English
Q115793,10,English
Q625877,10,English
Q252776,10,English
Q735247,14,English
Q3125932,12,English
Q2040573,11,English
Q317737,13,English
Q2830491,11,English
Q7308278,10,English
Q985138,14,English
Q456385,11,English
Q2117649,12,English
Q518609,10,English
Q7346671,11,English
Q286928,14,English
Q1443002,10,English
Q689394,13,English
Q1585750,11,English
Q3560422,10,English
Q1376643,10,English
Q3157229,11,English
Q3086848,10,English
Q365320,10,English
Q1066037,14,English
Q1066733,12,English
Q980551,11,English
Q628148,12,English
Q325301,12,English
Q1677635,11,English
Q920637,14,English
Q449753,13,English
Q676399,10,English
Q87402,12,English
Q1708240,13,English
Q741921,10,English
Q15449753,10,English
Q333732,14,English
Q1680654,12,English
Q1392345,14,English
Q1502557,10,English
Q6131012,10,English
Q4987010,11,English
Q6068983,12,English
Q1699419,13,English
Q3161091,10,English
Q332630,11,English
Q335347,12,English
Q439283,11,English
Q2272795,13,English
Q387005,11,English
Q338114,12,English
Q947504,11,English
Q7922109,10,English
Q653633,11,English
Q3206291,12,English
Q724083,11,English
Q661562,12,English
Q4982515,10,English
Q373146,10,English
Q2580418,11,English
Q3294062,14,English
Q728201,14,English
Q3431163,10,English
Q7298829,11,English
Q2342103,12,English
Q2455115,11,English
Q2019352,13,English
Q446202,11,English
Q214388,11,English
Q714600,12,English
Q3528710,12,English
Q3723416,11,English
Q920526,14,English
Q790762,12,English
Q5004353,10,English
Q1090774,10,English
Q3320729,11,English
Q45553,13,English
Q1058964,11,English
Q3101495,10,English
Q275760,14,English
Q205790,13,English
Q333773,13,English
Q2902847,11,English
Q382696,11,English
Q2340500,16,English
Q638589,15,English
Q78825,17,English
Q2528405,19,English
Q2586583,15,English
Q437943,17,English
Q4973197,18,English
Q336288,15,English
Q3751801,15,English
Q2734027,19,English
Q1760518,19,English
Q1344767,15,English
Q454944,16,English
Q669956,16,English
Q450050,16,English
Q1146912,17,English
Q461851,19,English
Q955183,18,English
Q962114,17,English
Q929268,19,English
Q3344892,15,English
Q5606144,16,English
Q966870,18,English
Q85154,15,English
Q445109,19,English
Q706886,16,English
Q215927,19,English
Q709513,18,English
Q724113,16,English
Q965768,15,English
Q878708,17,English
Q887338,17,English
Q275779,18,English
Q3189043,16,English
Q1608068,17,English
Q728867,19,English
Q353031,15,English
Q1209674,18,English
Q333091,21,English
Q272068,20,English
Q336320,21,English
Q983092,23,English
Q275728,24,English
Q1536200,24,English
Q504387,24,English
Q704368,20,English
Q1333006,22,English
Q776860,21,English
Q7336478,22,English
Q540031,24,English
Q460211,21,English
Q537034,24,English
Q1346651,22,English
Q448704,21,English
Q429097,24,English
Q724121,21,English
Q268443,23,English
Q198346,20,English
Q449769,20,English
Q275633,21,English
Q2903466,20,English
Q336002,23,English
Q981978,20,English
Q657541,22,English
Q577606,21,English
Q468851,22,English
Q269698,22,English
Q558647,27,English
Q365650,28,English
Q332464,25,English
Q430182,27,English
Q698714,27,English
Q361026,28,English
Q467133,27,English
Q502994,28,English
Q288627,26,English
Q342720,28,English
Q445242,27,English
Q272096,25,English
Q335284,29,English
Q366639,26,English
Q319754,31,English
Q555226,31,English
Q333422,32,English
Q254323,30,English
Q981448,31,English
Q335013,30,English
Q6203171,31,English
Q377898,38,English
Q444591,35,English
Q294147,35,English
Q314269,37,English
Q380038,35,English
Q49735,36,English
Q540784,37,English
Q236829,42,English
Q299732,43,English
Q3181898,44,English
Q223419,47,English
Q218443,47,English
Q51581,53,English
Q208665,53,English
Q7934,68,English
Q321614,9,French
Q20748116,9,French
Q1399335,9,French
Q2779300,9,French
Q462310,9,French
Q3038750,9,French
Q539315,9,French
Q562300,9,French
Q477121,9,French
Q375474,9,French
Q628120,9,French
Q3438037,9,French
Q321055,9,French
Q3079979,9,French
Q2228616,9,French
Q3072278,9,French
Q1370390,9,French
Q956537,9,French
Q2960729,9,French
Q562042,9,French
Q2088774,9,French
Q2990321,9,French
Q116793,9,French
Q520375,9,French
Q3175280,9,French
Q1394699,9,French
Q768205,9,French
Q214953,9,French
Q589562,9,French
Q3189181,9,French
Q3190033,9,French
Q281390,9,French
Q28265,10,French
Q441757,13,French
Q1295332,11,French
Q968500,10,French
Q4167247,12,French
Q887821,14,French
Q2002291,12,French
Q921933,13,French
Q927796,14,French
Q781003,12,French
Q889126,13,French
Q12884352,12,French
Q970111,11,French
Q1897348,12,French
Q965322,11,French
Q977001,10,French
Q733836,12,French
Q714406,10,French
Q1384312,11,French
Q2556213,12,French
Q1323652,10,French
Q2623542,12,French
Q8063471,14,French
Q525710,11,French
Q448927,11,French
Q926609,14,French
Q1381920,11,French
Q685250,10,French
Q1248451,13,French
Q922243,13,French
Q427566,11,French
Q449686,10,French
Q124434,10,French
Q552433,13,French
Q256998,12,French
Q3092285,10,French
Q1057418,10,French
Q375068,10,French
Q273043,11,French
Q15433260,10,French
Q1185569,10,French
Q640564,11,French
Q1682710,10,French
Q586389,13,French
Q2839811,10,French
Q3031679,13,French
Q2403337,10,French
Q2620439,11,French
Q302073,12,French
Q981450,11,French
Q935301,14,French
Q1606016,13,French
Q1523767,11,French
Q1309970,11,French
Q968153,12,French
Q308021,14,French
Q332170,11,French
Q8048062,14,French
Q534656,11,French
Q430846,10,French
Q994181,13,French
Q522371,10,French
Q731356,13,French
Q1809457,11,French
Q2334077,12,French
Q424732,11,French
Q1444545,14,French
Q116359,13,French
Q547695,14,French
Q970490,11,French
Q166641,13,French
Q1335032,13,French
Q1605715,11,French
Q543437,10,French
Q564686,12,French
Q468020,13,French
Q451969,12,French
Q2013862,10,French
Q21028005,12,French
Q7325423,11,French
Q3133192,11,French
Q1871590,10,French
Q2823087,14,French
Q118205,11,French
Q344454,10,French
Q983648,12,French
Q635387,14,French
Q767332,12,French
Q2479519,13,French
Q163964,12,French
Q586038,10,French
Q893693,11,French
Q1805358,12,French
Q51186,12,French
Q506933,11,French
Q2423099,14,French
Q733188,19,French
Q78887,15,French
Q1311013,15,French
Q515461,16,French
Q1167073,18,French
Q1381809,17,French
Q3195937,19,French
Q471450,18,French
Q2110643,15,French
Q640494,15,French
Q732513,17,French
Q583868,17,French
Q2471187,18,French
Q888400,17,French
Q286485,17,French
Q1360025,15,French
Q546727,16,French
Q704649,18,French
Q600678,18,French
Q435585,19,French
Q1867601,15,French
Q125484,18,French
Q1019186,19,French
Q708874,17,French
Q80358,18,French
Q561656,18,French
Q499601,18,French
Q443320,19,French
Q912271,15,French
Q318433,19,French
Q981922,18,French
Q3141758,16,French
Q126961,19,French
Q719942,18,French
Q971548,15,French
Q1283616,16,French
Q379022,19,French
Q173646,15,French
Q425373,22,French
Q124494,20,French
Q727227,23,French
Q554560,22,French
Q1340536,20,French
Q381007,21,French
Q465681,24,French
Q723648,22,French
Q705300,21,French
Q284683,21,French
Q364310,23,French
Q3163718,21,French
Q959002,23,French
Q462583,23,French
Q585067,21,French
Q1344716,23,French
Q510336,20,French
Q707195,22,French
Q723585,24,French
Q1366693,22,French
Q471026,24,French
Q709670,23,French
Q293119,24,French
Q268731,24,French
Q705791,21,French
Q272222,23,French
Q1639,23,French
Q472068,20,French
Q16400,22,French
Q338386,27,French
Q5630,27,French
Q434805,27,French
Q347891,29,French
Q235611,29,French
Q558085,28,French
Q345455,27,French
Q560895,25,French
Q155423,27,French
Q378289,28,French
Q434346,29,French
Q379947,25,French
Q446875,26,French
Q2028727,27,French
Q344179,34,French
Q333821,32,French
Q336010,31,French
Q311387,32,French
Q254524,31,French
Q706694,32,French
Q333066,33,French
Q318399,39,French
Q515904,36,French
Q364135,35,French
Q324998,37,French
Q312153,36,French
Q1685301,39,French
Q39691,38,French
Q220227,43,French
Q20012,41,French
Q160433,41,French
Q315888,45,French
Q164745,49,French
Q191305,53,French
Q296076,54,French
Q182021,65,French
Q896136,9,German
Q215876,9,German
Q1389266,9,German
Q3556003,9,German
Q105940,9,German
Q91982,9,German
Q103757,9,German
Q13365718,9,German
Q118655,9,German
Q1330248,9,German
Q547349,9,German
Q20748116,9,German
Q79034,9,German
Q105026,9,German
Q973907,9,German
Q88699,9,German
Q117416,9,German
Q87991,9,German
Q95242,9,German
Q87974,9,German
Q1425502,9,German
Q86419,9,German
Q86593,9,German
Q906531,9,German
Q1347003,9,German
Q112588,9,German
Q73964,9,German
Q876590,9,German
Q114424,9,German
Q88120,9,German
Q224519,9,German
Q122172,9,German
Q112554,14,German
Q62435,13,German
Q101189,12,German
Q67494,12,German
Q2394380,11,German
Q117185,11,German
Q91657,12,German
Q70300,11,German
Q79168,12,German
Q78771,13,German
Q86886,13,German
Q115780,14,German
Q6547623,11,German
Q71800,14,German
Q67394,10,German
Q498,13,German
Q2149986,11,German
Q88019,10,German
Q70849,10,German
Q87407,10,German
Q75709,14,German
Q78257,10,German
Q79157,10,German
Q66851,12,German
Q2424784,10,German
Q85457,11,German
Q869680,14,German
Q63152,14,German
Q66812,11,German
Q112530,10,German
Q103731,10,German
Q105900,10,German
Q654967,13,German
Q65863,14,German
Q77808,11,German
Q85225,10,German
Q215381,12,German
Q72809,12,German
Q78802,10,German
Q98062,11,German
Q129356,11,German
Q3964484,13,German
Q73870,11,German
Q126016,10,German
Q70071,12,German
Q72551,13,German
Q689000,10,German
Q3074901,11,German
Q115616,14,German
Q72791,11,German
Q96825,13,German
Q94547,10,German
Q673686,11,German
Q72840,10,German
Q99301,11,German
Q685979,10,German
Q1885730,12,German
Q2817300,14,German
Q556497,11,German
Q75803,12,German
Q67212,13,German
Q89376,10,German
Q67725,12,German
Q65141,14,German
Q45294,12,German
Q45336,14,German
Q444229,10,German
Q78833,10,German
Q10346296,11,German
Q103751,10,German
Q89377,10,German
Q65556,11,German
Q67271,11,German
Q1960513,11,German
Q442121,10,German
Q524141,13,German
Q78939,10,German
Q114740,11,German
Q67477,14,German
Q878614,10,German
Q112388,11,German
Q385553,12,German
Q71252,11,German
Q446743,10,German
Q71381,12,German
Q216004,14,German
Q72944,11,German
Q72768,14,German
Q95192,10,German
Q69244,14,German
Q215678,12,German
Q120947,10,German
Q116208,10,German
Q551475,10,German
Q96099,10,German
Q89550,13,German
Q106209,19,German
Q695744,16,German
Q79069,18,German
Q1364144,17,German
Q289895,17,German
Q92004,15,German
Q45287,15,German
Q348626,16,German
Q115548,17,German
Q89677,15,German
Q63460,17,German
Q459777,17,German
Q66605,15,German
Q450172,17,German
Q70900,17,German
Q62720,15,German
Q77271,19,German
Q72287,18,German
Q63220,16,German
Q115822,19,German
Q2996747,16,German
Q64329,15,German
Q627985,15,German
Q213799,15,German
Q213731,15,German
Q70795,15,German
Q62757,18,German
Q63815,16,German
Q91772,18,German
Q251340,17,German
Q66502,17,German
Q70396,16,German
Q78890,17,German
Q55619,16,German
Q63357,17,German
Q62748,18,German
Q392632,18,German
Q458257,15,German
Q731703,20,German
Q634100,21,German
Q60302,22,German
Q61813,24,German
Q265603,20,German
Q69314,21,German
Q527997,23,German
Q706829,20,German
Q77069,24,German
Q60525,23,German
Q60753,22,German
Q65898,22,German
Q68137,20,German
Q368455,24,German
Q115630,24,German
Q78714,24,German
Q106606,20,German
Q66861,20,German
Q213735,22,German
Q551267,23,German
Q61895,22,German
Q74953,20,German
Q67169,21,German
Q62553,20,German
Q64406,20,German
Q213974,20,German
Q77333,23,German
Q215984,21,German
Q84524,23,German
Q60247,25,German
Q93397,27,German
Q152301,29,German
Q2704774,29,German
Q311442,26,German
Q60884,25,German
Q57442,28,German
Q310509,28,German
Q78528,25,German
Q58777,26,German
Q57503,27,German
Q61922,25,German
Q57896,25,German
Q58046,28,German
Q76501,31,German
Q354504,33,German
Q467676,33,German
Q310217,30,German
Q366845,32,German
Q58830,31,German
Q93614,30,German
Q57428,39,German
Q44862,35,German
Q57309,36,German
Q312757,37,German
Q366051,37,German
Q60141,39,German
Q71014,38,German
Q154367,43,German
Q135645,42,German
Q57619,43,German
Q164979,45,German
Q57224,46,German
Q153149,51,German
Q76576,53,German
Q84423,65,German
Q18707093,9,Hindi
Q2043591,9,Hindi
Q4748691,9,Hindi
Q4667580,9,Hindi
Q3531073,9,Hindi
Q7931282,9,Hindi
Q3629963,9,Hindi
Q1206622,9,Hindi
Q8071382,9,Hindi
Q3595867,9,Hindi
Q6818814,9,Hindi
Q3630933,9,Hindi
Q4770058,9,Hindi
Q7461322,9,Hindi
Q1898192,9,Hindi
Q4357649,9,Hindi
Q7929362,9,Hindi
Q6061749,9,Hindi
Q3595206,9,Hindi
Q7633743,9,Hindi
Q3760549,9,Hindi
Q7686261,9,Hindi
Q4665603,9,Hindi
Q3532049,9,Hindi
Q3536460,9,Hindi
Q20047084,9,Hindi
Q2364052,9,Hindi
Q13116885,9,Hindi
Q560145,9,Hindi
Q1157945,9,Hindi
Q2804726,9,Hindi
Q16619869,9,Hindi
Q3273349,14,Hindi
Q6124202,10,Hindi
Q6394963,11,Hindi
Q6105676,10,Hindi
Q3635832,11,Hindi
Q1764533,14,Hindi
Q457664,10,Hindi
Q12068272,12,Hindi
Q7032179,13,Hindi
Q5277871,12,Hindi
Q4222507,10,Hindi
Q5267043,12,Hindi
Q6026897,11,Hindi
Q7493078,13,Hindi
Q3763779,11,Hindi
Q6962310,10,Hindi
Q4751468,11,Hindi
Q3595254,14,Hindi
Q266137,12,Hindi
Q6354369,11,Hindi
Q7520685,12,Hindi
Q441799,12,Hindi
Q3633081,11,Hindi
Q12566189,10,Hindi
Q3595245,10,Hindi
Q3520800,12,Hindi
Q1647814,12,Hindi
Q3366457,10,Hindi
Q983457,12,Hindi
Q393447,11,Hindi
Q6122336,11,Hindi
Q743568,12,Hindi
Q3629904,12,Hindi
Q6869043,12,Hindi
Q3631073,13,Hindi
Q1622265,14,Hindi
Q3764420,11,Hindi
Q2604943,10,Hindi
Q5577574,13,Hindi
Q21997846,10,Hindi
Q3526595,14,Hindi
Q6917707,10,Hindi
Q5710849,10,Hindi
Q7399611,10,Hindi
Q3632287,13,Hindi
Q4838090,11,Hindi
Q3080468,13,Hindi
Q6414812,10,Hindi
Q3535567,12,Hindi
Q817096,13,Hindi
Q2165147,13,Hindi
Q983548,12,Hindi
Q4667376,10,Hindi
Q17285647,12,Hindi
Q2552960,11,Hindi
Q2505272,11,Hindi
Q6712738,11,Hindi
Q6505202,10,Hindi
Q17388667,10,Hindi
Q7238271,12,Hindi
Q3348637,12,Hindi
Q339715,11,Hindi
Q7089349,12,Hindi
Q7645718,10,Hindi
Q7932741,11,Hindi
Q5923131,11,Hindi
Q3751683,11,Hindi
Q5230578,12,Hindi
Q3631800,14,Hindi
Q576365,10,Hindi
Q7286477,11,Hindi
Q1034290,11,Hindi
Q2299630,10,Hindi
Q3635988,10,Hindi
Q7918070,12,Hindi
Q6986935,13,Hindi
Q4855111,11,Hindi
Q1861686,11,Hindi
Q7309808,13,Hindi
Q6173032,10,Hindi
Q3595255,10,Hindi
Q13637604,12,Hindi
Q7660402,11,Hindi
Q4699783,11,Hindi
Q15730377,12,Hindi
Q4815838,13,Hindi
Q1631452,14,Hindi
Q3633176,11,Hindi
Q6017668,14,Hindi
Q4747331,11,Hindi
Q4802508,12,Hindi
Q3347977,10,Hindi
Q3532094,10,Hindi
Q3595313,12,Hindi
Q7402689,12,Hindi
Q3632712,14,Hindi
Q5653447,15,Hindi
Q3182985,18,Hindi
Q3595814,17,Hindi
Q1395448,16,Hindi
Q575066,19,Hindi
Q3633274,19,Hindi
Q674337,19,Hindi
Q26370,19,Hindi
Q1993428,18,Hindi
Q4901101,15,Hindi
Q7123843,17,Hindi
Q7286234,19,Hindi
Q1854649,15,Hindi
Q1850695,18,Hindi
Q6516265,15,Hindi
Q7928181,17,Hindi
Q2721812,18,Hindi
Q2723734,17,Hindi
Q3426281,15,Hindi
Q1369342,16,Hindi
Q4133231,15,Hindi
Q2628981,15,Hindi
Q3344892,15,Hindi
Q12447893,16,Hindi
Q3351497,15,Hindi
Q3520007,16,Hindi
Q3519783,15,Hindi
Q1390822,15,Hindi
Q467189,19,Hindi
Q7246473,17,Hindi
Q5439490,17,Hindi
Q3633385,17,Hindi
Q4673430,15,Hindi
Q3631381,17,Hindi
Q1397957,19,Hindi
Q7901881,16,Hindi
Q283267,15,Hindi
Q1791448,18,Hindi
Q562179,21,Hindi
Q138765,24,Hindi
Q464950,22,Hindi
Q7336478,22,Hindi
Q3595860,24,Hindi
Q1537793,21,Hindi
Q430992,22,Hindi
Q227513,24,Hindi
Q3630336,23,Hindi
Q467408,21,Hindi
Q2420084,24,Hindi
Q3344992,24,Hindi
Q2723876,23,Hindi
Q3595116,22,Hindi
Q523103,20,Hindi
Q3351688,24,Hindi
Q2724248,21,Hindi
Q2651226,23,Hindi
Q3595806,21,Hindi
Q854704,23,Hindi
Q983057,22,Hindi
Q5650929,23,Hindi
Q3418119,21,Hindi
Q3520758,21,Hindi
Q464914,22,Hindi
Q28967460,21,Hindi
Q7505949,20,Hindi
Q12447464,21,Hindi
Q737324,21,Hindi
Q120411,29,Hindi
Q1390715,26,Hindi
Q1067913,26,Hindi
Q431601,28,Hindi
Q737280,28,Hindi
Q1974722,28,Hindi
Q983744,27,Hindi
Q61193,28,Hindi
Q3631806,29,Hindi
Q3056379,29,Hindi
Q2721496,26,Hindi
Q2763244,25,Hindi
Q2360377,27,Hindi
Q464900,28,Hindi
Q46392,30,Hindi
Q333066,33,Hindi
Q4054419,31,Hindi
Q165816,30,Hindi
Q467960,30,Hindi
Q9575,31,Hindi
Q3133978,31,Hindi
Q3595158,39,Hindi
Q559774,37,Hindi
Q2038656,39,Hindi
Q377898,38,Hindi
Q730045,35,Hindi
Q467336,36,Hindi
Q127868,35,Hindi
Q380148,41,Hindi
Q146444,40,Hindi
Q84186,41,Hindi
Q465047,46,Hindi
Q334252,46,Hindi
Q1705018,50,Hindi
Q317769,53,Hindi
Q360927,66,Hindi
Q742263,9,Italian
Q3763495,9,Italian
Q968421,9,Italian
Q1247460,9,Italian
Q677821,9,Italian
Q1042010,9,Italian
Q3759821,9,Italian
Q447545,9,Italian
Q323829,9,Italian
Q1564607,9,Italian
Q3771647,9,Italian
Q3651544,9,Italian
Q1370390,9,Italian
Q11154007,9,Italian
Q354664,9,Italian
Q1363138,9,Italian
Q332771,9,Italian
Q3749736,9,Italian
Q3511191,9,Italian
Q19832365,9,Italian
Q601439,9,Italian
Q3757234,9,Italian
Q3725198,9,Italian
Q362900,9,Italian
Q1491039,9,Italian
Q517837,9,Italian
Q1058251,9,Italian
Q2089840,9,Italian
Q1039742,9,Italian
Q3345492,9,Italian
Q3754794,9,Italian
Q307826,9,Italian
Q1044694,10,Italian
Q3726484,11,Italian
Q663522,11,Italian
Q938124,11,Italian
Q659740,10,Italian
Q5977075,10,Italian
Q994181,13,Italian
Q1246391,12,Italian
Q981971,13,Italian
Q551475,10,Italian
Q347330,11,Italian
Q554857,14,Italian
Q2246904,10,Italian
Q777691,14,Italian
Q731448,11,Italian
Q695500,11,Italian
Q910392,14,Italian
Q737751,14,Italian
Q1159008,11,Italian
Q389148,10,Italian
Q520868,10,Italian
Q854769,12,Italian
Q3964484,13,Italian
Q1180362,12,Italian
Q1179618,10,Italian
Q2539391,11,Italian
Q3713208,10,Italian
Q78815,12,Italian
Q3611792,10,Italian
Q3361986,10,Italian
Q1867806,10,Italian
Q1366988,12,Italian
Q1442029,13,Italian
Q3605648,10,Italian
Q493925,10,Italian
Q1008322,12,Italian
Q897707,13,Italian
Q682600,10,Italian
Q1134748,10,Italian
Q370632,12,Italian
Q2164929,10,Italian
Q1098121,13,Italian
Q436632,11,Italian
Q1232500,13,Italian
Q282665,13,Italian
Q3858218,10,Italian
Q1093721,12,Italian
Q3725038,10,Italian
Q166318,14,Italian
Q2160344,14,Italian
Q2249674,13,Italian
Q1514742,10,Italian
Q285390,12,Italian
Q982381,12,Italian
Q345781,12,Italian
Q1379609,10,Italian
Q28701261,11,Italian
Q430846,10,Italian
Q330860,12,Italian
Q273861,11,Italian
Q1054391,12,Italian
Q121456,10,Italian
Q574388,11,Italian
Q465231,13,Italian
Q463732,10,Italian
Q2405522,10,Italian
Q3938408,10,Italian
Q8063471,14,Italian
Q1097664,12,Italian
Q1232980,12,Italian
Q1290648,14,Italian
Q2640952,13,Italian
Q2143586,12,Italian
Q554416,13,Italian
Q1525403,12,Italian
Q1553509,11,Italian
Q982945,12,Italian
Q3831554,13,Italian
Q1050480,13,Italian
Q15449753,10,Italian
Q816819,10,Italian
Q738539,13,Italian
Q868688,13,Italian
Q3604924,13,Italian
Q4013872,10,Italian
Q1411187,10,Italian
Q1439364,12,Italian
Q1393865,12,Italian
Q754063,13,Italian
Q493631,10,Italian
Q348364,10,Italian
Q3299250,13,Italian
Q472384,10,Italian
Q3740348,11,Italian
Q3107155,10,Italian
Q21028005,12,Italian
Q1234171,16,Italian
Q1349235,19,Italian
Q346976,16,Italian
Q647505,16,Italian
Q272650,18,Italian
Q726811,19,Italian
Q750983,18,Italian
Q506159,15,Italian
Q982566,19,Italian
Q752610,17,Italian
Q126270,18,Italian
Q604667,16,Italian
Q2461362,16,Italian
Q123413,17,Italian
Q878336,15,Italian
Q3941625,15,Italian
Q2755833,17,Italian
Q673256,18,Italian
Q1367728,17,Italian
Q1528112,15,Italian
Q5585,18,Italian
Q711538,19,Italian
Q509916,15,Italian
Q183137,19,Italian
Q518623,18,Italian
Q736414,15,Italian
Q1243584,16,Italian
Q464757,19,Italian
Q1150113,15,Italian
Q647104,17,Italian
Q733342,19,Italian
Q691973,17,Italian
Q1349158,17,Italian
Q1055609,17,Italian
Q902439,18,Italian
Q933477,17,Italian
Q741149,17,Italian
Q458668,16,Italian
Q285431,24,Italian
Q1258191,23,Italian
Q728006,24,Italian
Q558155,22,Italian
Q723805,21,Italian
Q268443,23,Italian
Q558295,22,Italian
Q442205,24,Italian
Q647706,20,Italian
Q3749296,20,Italian
Q1040798,21,Italian
Q53023,22,Italian
Q653624,21,Italian
Q733355,22,Italian
Q532733,20,Italian
Q1345186,21,Italian
Q697383,23,Italian
Q149415,23,Italian
Q439081,23,Italian
Q455082,20,Italian
Q53028,23,Italian
Q449468,22,Italian
Q437295,24,Italian
Q456827,21,Italian
Q650303,20,Italian
Q551627,22,Italian
Q548914,22,Italian
Q438926,22,Italian
Q72938,23,Italian
Q26208,27,Italian
Q436738,25,Italian
Q461477,27,Italian
Q365044,28,Italian
Q345217,29,Italian
Q250210,29,Italian
Q287741,27,Italian
Q555615,26,Italian
Q729088,29,Italian
Q358529,29,Italian
Q956836,25,Italian
Q372115,27,Italian
Q447351,27,Italian
Q235537,27,Italian
Q236361,34,Italian
Q53018,33,Italian
Q44872,32,Italian
Q55438,31,Italian
Q72790,33,Italian
Q159648,30,Italian
Q332693,31,Italian
Q263270,37,Italian
Q312628,36,Italian
Q177610,38,Italian
Q53006,36,Italian
Q106988,35,Italian
Q447892,38,Italian
Q359421,39,Italian
Q312637,43,Italian
Q316288,42,Italian
Q267724,42,Italian
Q231781,46,Italian
Q214665,48,Italian
Q53040,53,Italian
Q1238,52,Italian
Q221074,68,Italian
Q218297,9,Polish
Q316722,9,Polish
Q723139,9,Polish
Q9202000,9,Polish
Q54867730,9,Polish
Q633807,9,Polish
Q1688013,9,Polish
Q2331380,9,Polish
Q11685825,9,Polish
Q2384536,9,Polish
Q6372441,9,Polish
Q4212385,9,Polish
Q169258,9,Polish
Q2354110,9,Polish
Q72544,9,Polish
Q553218,9,Polish
Q6149335,9,Polish
Q892449,9,Polish
Q2022605,9,Polish
Q4480296,9,Polish
Q2387309,9,Polish
Q7599251,9,Polish
Q6699463,9,Polish
Q1976679,9,Polish
Q214953,9,Polish
Q130407,9,Polish
Q6154832,9,Polish
Q11768981,9,Polish
Q598388,9,Polish
Q4274620,9,Polish
Q85802,9,Polish
Q8029110,9,Polish
Q598050,14,Polish
Q6430146,13,Polish
Q731448,11,Polish
Q1773780,12,Polish
Q4483327,10,Polish
Q3845564,11,Polish
Q983807,13,Polish
Q7942255,10,Polish
Q729311,13,Polish
Q740816,11,Polish
Q4236590,12,Polish
Q55941,14,Polish
Q774029,13,Polish
Q5339695,10,Polish
Q2427659,14,Polish
Q3963190,10,Polish
Q4675930,11,Polish
Q2379760,11,Polish
Q4360443,14,Polish
Q1105137,10,Polish
Q2115737,11,Polish
Q5368710,11,Polish
Q532700,11,Polish
Q4984343,10,Polish
Q563218,13,Polish
Q2616821,10,Polish
Q324162,10,Polish
Q1396908,13,Polish
Q82784,13,Polish
Q4750334,11,Polish
Q446743,10,Polish
Q9148165,11,Polish
Q2356019,11,Polish
Q4483502,10,Polish
Q3067991,11,Polish
Q324218,14,Polish
Q357571,10,Polish
Q2623450,13,Polish
Q323882,12,Polish
Q557920,13,Polish
Q428311,12,Polish
Q9352716,11,Polish
Q77693,11,Polish
Q4723678,10,Polish
Q663033,12,Polish
Q260996,14,Polish
Q609407,10,Polish
Q1717753,11,Polish
Q5993901,10,Polish
Q1659004,10,Polish
Q114556,10,Polish
Q367234,12,Polish
Q215697,10,Polish
Q9146224,11,Polish
Q7599274,10,Polish
Q4439474,10,Polish
Q161852,10,Polish
Q268680,14,Polish
Q515158,13,Polish
Q349664,10,Polish
Q1398057,11,Polish
Q274324,13,Polish
Q515867,13,Polish
Q175395,13,Polish
Q1349910,13,Polish
Q1720300,12,Polish
Q82959,11,Polish
Q302639,10,Polish
Q68126,11,Polish
Q2164669,11,Polish
Q16529432,10,Polish
Q122775,13,Polish
Q515077,11,Polish
Q4188534,11,Polish
Q828373,13,Polish
Q888367,11,Polish
Q354070,13,Polish
Q1988523,13,Polish
Q426297,12,Polish
Q2996685,10,Polish
Q22574794,12,Polish
Q4369098,10,Polish
Q133465,13,Polish
Q1090723,13,Polish
Q82969,10,Polish
Q974741,10,Polish
Q302073,12,Polish
Q4397581,10,Polish
Q588195,10,Polish
Q723360,11,Polish
Q120599,12,Polish
Q1782223,12,Polish
Q720868,11,Polish
Q19756492,10,Polish
Q11768819,14,Polish
Q633773,14,Polish
Q447814,19,Polish
Q727220,16,Polish
Q353031,15,Polish
Q691410,15,Polish
Q457949,18,Polish
Q519894,19,Polish
Q261112,17,Polish
Q70795,15,Polish
Q601957,16,Polish
Q2493856,16,Polish
Q55933,15,Polish
Q168190,16,Polish
Q554443,16,Polish
Q1542851,18,Polish
Q1349845,17,Polish
Q1376050,17,Polish
Q453555,15,Polish
Q597727,15,Polish
Q168147,18,Polish
Q320786,18,Polish
Q79054,16,Polish
Q704005,17,Polish
Q1399280,19,Polish
Q2659850,17,Polish
Q5404155,19,Polish
Q282105,15,Polish
Q955836,17,Polish
Q1679661,15,Polish
Q455617,15,Polish
Q432961,15,Polish
Q680950,19,Polish
Q242101,19,Polish
Q462271,19,Polish
Q707353,16,Polish
Q937210,19,Polish
Q548306,16,Polish
Q616735,18,Polish
Q696036,15,Polish
Q561112,20,Polish
Q54052,24,Polish
Q265776,20,Polish
Q891324,20,Polish
Q622307,22,Polish
Q55846,23,Polish
Q55842,23,Polish
Q129617,21,Polish
Q467761,22,Polish
Q445719,22,Polish
Q355843,20,Polish
Q706178,24,Polish
Q1340536,20,Polish
Q2474166,21,Polish
Q703450,22,Polish
Q1813369,21,Polish
Q734458,24,Polish
Q945412,24,Polish
Q467368,23,Polish
Q740181,22,Polish
Q4538191,23,Polish
Q723331,20,Polish
Q367248,20,Polish
Q348690,22,Polish
Q942858,22,Polish
Q55743,21,Polish
Q439455,23,Polish
Q323292,20,Polish
Q561127,20,Polish
Q55927,29,Polish
Q355355,27,Polish
Q165680,29,Polish
Q454653,25,Polish
Q212523,28,Polish
Q100005,29,Polish
Q347767,28,Polish
Q381185,27,Polish
Q218319,28,Polish
Q545740,29,Polish
Q443436,28,Polish
Q465488,29,Polish
Q256327,26,Polish
Q218317,25,Polish
Q298022,30,Polish
Q157959,34,Polish
Q254524,31,Polish
Q284087,32,Polish
Q434797,31,Polish
Q55924,30,Polish
Q351222,34,Polish
Q312627,39,Polish
Q245355,36,Polish
Q515904,36,Polish
Q55835,39,Polish
Q155860,38,Polish
Q366040,37,Polish
Q161363,35,Polish
Q257852,43,Polish
Q157318,42,Polish
Q53451,41,Polish
Q157176,48,Polish
Q314338,45,Polish
Q55922,52,Polish
Q55832,52,Polish
Q84423,65,Polish
Q143030,9,Russian
Q3617656,9,Russian
Q4110536,9,Russian
Q1523384,9,Russian
Q350089,9,Russian
Q1506098,9,Russian
Q4151936,9,Russian
Q218297,9,Russian
Q4495528,9,Russian
Q4221352,9,Russian
Q4255453,9,Russian
Q329454,9,Russian
Q4450618,9,Russian
Q2379973,9,Russian
Q1965634,9,Russian
Q4312203,9,Russian
Q4057536,9,Russian
Q4323971,9,Russian
Q1492109,9,Russian
Q3918042,9,Russian
Q16373007,9,Russian
Q504006,9,Russian
Q4494858,9,Russian
Q330225,9,Russian
Q2901947,9,Russian
Q3655425,9,Russian
Q3651067,9,Russian
Q2364568,9,Russian
Q69432,9,Russian
Q1227036,9,Russian
Q1460719,9,Russian
Q1979252,9,Russian
Q442973,11,Russian
Q1344125,14,Russian
Q2385068,10,Russian
Q577986,11,Russian
Q4311259,12,Russian
Q4062437,10,Russian
Q2635034,11,Russian
Q1637045,12,Russian
Q600326,13,Russian
Q37140234,12,Russian
Q4464240,10,Russian
Q2655838,11,Russian
Q4231221,12,Russian
Q2596835,12,Russian
Q4307840,10,Russian
Q2272771,10,Russian
Q717186,13,Russian
Q338538,12,Russian
Q354505,11,Russian
Q2447966,10,Russian
Q1509172,10,Russian
Q461932,11,Russian
Q507821,14,Russian
Q2701180,13,Russian
Q328254,12,Russian
Q4218355,11,Russian
Q7680787,10,Russian
Q2376777,10,Russian
Q3391400,11,Russian
Q4451898,13,Russian
Q4077574,10,Russian
Q4370596,10,Russian
Q1888882,12,Russian
Q284136,14,Russian
Q4298294,10,Russian
Q1375292,11,Russian
Q2991113,10,Russian
Q4156420,12,Russian
Q4057952,11,Russian
Q385790,12,Russian
Q1382012,10,Russian
Q2664172,10,Russian
Q4098862,10,Russian
Q2834379,13,Russian
Q2376845,13,Russian
Q3820134,14,Russian
Q721077,12,Russian
Q2979775,11,Russian
Q3558313,12,Russian
Q1132954,10,Russian
Q1819749,10,Russian
Q4224645,12,Russian
Q3341669,10,Russian
Q4320205,11,Russian
Q142580,14,Russian
Q4196416,12,Russian
Q1409437,12,Russian
Q977745,14,Russian
Q8063471,14,Russian
Q213754,13,Russian
Q2379613,12,Russian
Q509332,13,Russian
Q4539904,10,Russian
Q3511999,10,Russian
Q376099,13,Russian
Q3527753,12,Russian
Q4296281,10,Russian
Q400729,10,Russian
Q3454045,13,Russian
Q2707548,13,Russian
Q82959,11,Russian
Q812566,11,Russian
Q2451562,14,Russian
Q118745,13,Russian
Q2636293,11,Russian
Q658086,10,Russian
Q4443931,10,Russian
Q1977104,11,Russian
Q2997945,14,Russian
Q4089118,14,Russian
Q1959117,12,Russian
Q2861548,11,Russian
Q1189178,12,Russian
Q4093818,14,Russian
Q461336,10,Russian
Q1960513,11,Russian
Q206399,11,Russian
Q166641,13,Russian
Q4254535,11,Russian
Q1232452,14,Russian
Q3918052,13,Russian
Q4153602,11,Russian
Q2723541,12,Russian
Q2069641,13,Russian
Q587358,12,Russian
Q2528539,11,Russian
Q588449,18,Russian
Q4296631,15,Russian
Q530521,16,Russian
Q952777,16,Russian
Q1073792,19,Russian
Q4108141,16,Russian
Q400614,15,Russian
Q1397465,18,Russian
Q4094751,16,Russian
Q1133092,17,Russian
Q3653188,16,Russian
Q1366633,16,Russian
Q1106981,16,Russian
Q699517,18,Russian
Q1155439,16,Russian
Q2632355,18,Russian
Q2425090,18,Russian
Q1509265,16,Russian
Q488061,15,Russian
Q4327602,15,Russian
Q176985,15,Russian
Q2067930,15,Russian
Q981960,18,Russian
Q714739,18,Russian
Q2072475,18,Russian
Q1996392,15,Russian
Q2632757,15,Russian
Q962114,17,Russian
Q685053,19,Russian
Q4217805,15,Russian
Q2299317,16,Russian
Q957733,17,Russian
Q552743,19,Russian
Q2664845,19,Russian
Q371464,18,Russian
Q739362,19,Russian
Q4475079,18,Russian
Q4520572,15,Russian
Q62809,21,Russian
Q466030,22,Russian
Q4104731,20,Russian
Q468067,22,Russian
Q2622675,24,Russian
Q693425,20,Russian
Q981171,21,Russian
Q715281,20,Russian
Q706829,20,Russian
Q1340503,20,Russian
Q20069008,22,Russian
Q459424,24,Russian
Q729274,23,Russian
Q1532068,21,Russian
Q2422401,22,Russian
Q724343,22,Russian
Q602217,23,Russian
Q492975,20,Russian
Q721148,20,Russian
Q445719,22,Russian
Q1389588,20,Russian
Q2096791,20,Russian
Q523682,22,Russian
Q659395,21,Russian
Q112048,23,Russian
Q12170857,21,Russian
Q706752,22,Russian
Q265610,21,Russian
Q25997,24,Russian
Q228812,25,Russian
Q93031,25,Russian
Q2638198,28,Russian
Q449630,27,Russian
Q960027,25,Russian
Q777997,29,Russian
Q712412,27,Russian
Q537631,26,Russian
Q2083549,25,Russian
Q235537,27,Russian
Q2622325,25,Russian
Q2704774,29,Russian
Q332732,27,Russian
Q683485,29,Russian
Q503219,32,Russian
Q333873,33,Russian
Q434266,30,Russian
Q460023,32,Russian
Q713943,31,Russian
Q446914,31,Russian
Q359754,30,Russian
Q315158,37,Russian
Q315185,39,Russian
Q275025,37,Russian
Q155860,38,Russian
Q311459,39,Russian
Q230974,38,Russian
Q318470,35,Russian
Q55195,42,Russian
Q261965,44,Russian
Q470466,42,Russian
Q298384,45,Russian
Q314312,46,Russian
Q229520,50,Russian
Q141860,52,Russian
Q102813,68,Russian
