properties,num_properties,coverage,score
"has_place_of_birth, has_gender, has_country_of_citizenship, has_occupation, has_date_of_birth",5,12051,60255
"has_gender, has_country_of_citizenship, has_occupation, has_date_of_birth",4,13368,53472
"has_place_of_birth, has_gender, has_occupation, has_date_of_birth",4,12628,50512
"has_place_of_birth, has_gender, has_country_of_citizenship, has_occupation",4,12075,48300
"has_place_of_birth, has_gender, has_country_of_citizenship, has_date_of_birth",4,12051,48204
"has_place_of_birth, has_country_of_citizenship, has_occupation, has_date_of_birth",4,12051,48204
"has_place_of_birth, has_gender, has_country_of_citizenship, has_educated_at, has_occupation, has_date_of_birth",6,6798,40788
"has_place_of_birth, has_gender, has_country_of_citizenship, has_occupation, has_date_of_death, has_date_of_birth",6,6059,36354
"has_gender, has_country_of_citizenship, has_educated_at, has_occupation, has_date_of_birth",5,7199,35995
"has_place_of_birth, has_place_of_death, has_gender, has_country_of_citizenship, has_occupation, has_date_of_death, has_date_of_birth",7,5136,35952
"has_place_of_birth, has_gender, has_educated_at, has_occupation, has_date_of_birth",5,6953,34765
"has_place_of_birth, has_gender, has_country_of_citizenship, has_educated_at, has_occupation",5,6802,34010
"has_place_of_birth, has_gender, has_country_of_citizenship, has_educated_at, has_date_of_birth",5,6798,33990
"has_place_of_birth, has_country_of_citizenship, has_educated_at, has_occupation, has_date_of_birth",5,6798,33990
"has_gender, has_country_of_citizenship, has_occupation, has_date_of_death, has_date_of_birth",5,6687,33435
"has_place_of_birth, has_place_of_death, has_gender, has_occupation, has_date_of_death, has_date_of_birth",6,5478,32868
"has_place_of_birth, has_gender, has_occupation, has_date_of_death, has_date_of_birth",5,6481,32405
"has_place_of_death, has_gender, has_country_of_citizenship, has_occupation, has_date_of_death, has_date_of_birth",6,5388,32328
"has_place_of_birth, has_place_of_death, has_gender, has_country_of_citizenship, has_occupation, has_date_of_death",6,5137,30822
"has_place_of_birth, has_place_of_death, has_gender, has_country_of_citizenship, has_date_of_death, has_date_of_birth",6,5136,30816
"has_place_of_birth, has_place_of_death, has_gender, has_country_of_citizenship, has_occupation, has_date_of_birth",6,5136,30816
"has_place_of_birth, has_place_of_death, has_country_of_citizenship, has_occupation, has_date_of_death, has_date_of_birth",6,5136,30816
"has_place_of_birth, has_gender, has_country_of_citizenship, has_occupation, has_date_of_death",5,6060,30300
"has_place_of_birth, has_gender, has_country_of_citizenship, has_date_of_death, has_date_of_birth",5,6059,30295
"has_place_of_birth, has_country_of_citizenship, has_occupation, has_date_of_death, has_date_of_birth",5,6059,30295
"has_place_of_birth, has_gender, has_country_of_citizenship, has_occupation, has_award_received, has_date_of_birth",6,5011,30066
"has_gender, has_educated_at, has_occupation, has_date_of_birth",4,7396,29584
"has_gender, has_occupation, has_date_of_death, has_date_of_birth",4,7380,29520
"has_place_of_death, has_gender, has_occupation, has_date_of_death, has_date_of_birth",5,5793,28965
"has_gender, has_country_of_citizenship, has_educated_at, has_occupation",4,7235,28940
"has_country_of_citizenship, has_educated_at, has_occupation, has_date_of_birth",4,7199,28796
"has_gender, has_country_of_citizenship, has_educated_at, has_date_of_birth",4,7199,28796
"has_place_of_birth, has_gender, has_educated_at, has_occupation",4,6957,27828
"has_place_of_birth, has_gender, has_educated_at, has_date_of_birth",4,6953,27812
"has_place_of_birth, has_educated_at, has_occupation, has_date_of_birth",4,6953,27812
"has_place_of_birth, has_place_of_death, has_gender, has_occupation, has_date_of_death",5,5481,27405
"has_place_of_birth, has_place_of_death, has_gender, has_occupation, has_date_of_birth",5,5479,27395
"has_place_of_birth, has_place_of_death, has_gender, has_date_of_death, has_date_of_birth",5,5478,27390
"has_place_of_birth, has_place_of_death, has_occupation, has_date_of_death, has_date_of_birth",5,5478,27390
"has_place_of_birth, has_gender, has_country_of_citizenship, has_educated_at",4,6802,27208
"has_place_of_birth, has_country_of_citizenship, has_educated_at, has_occupation",4,6802,27208
"has_place_of_birth, has_country_of_citizenship, has_educated_at, has_date_of_birth",4,6798,27192
"has_place_of_death, has_gender, has_country_of_citizenship, has_occupation, has_date_of_death",5,5393,26965
"has_place_of_death, has_gender, has_country_of_citizenship, has_occupation, has_date_of_birth",5,5388,26940
"has_place_of_death, has_country_of_citizenship, has_occupation, has_date_of_death, has_date_of_birth",5,5388,26940
"has_place_of_death, has_gender, has_country_of_citizenship, has_date_of_death, has_date_of_birth",5,5388,26940
"has_gender, has_country_of_citizenship, has_occupation, has_date_of_death",4,6701,26804
"has_country_of_citizenship, has_occupation, has_date_of_death, has_date_of_birth",4,6687,26748
"has_gender, has_country_of_citizenship, has_date_of_death, has_date_of_birth",4,6687,26748
"has_gender, has_country_of_citizenship, has_occupation, has_award_received, has_date_of_birth",5,5270,26350
"has_place_of_birth, has_gender, has_occupation, has_date_of_death",4,6484,25936
"has_place_of_birth, has_gender, has_date_of_death, has_date_of_birth",4,6481,25924
"has_place_of_birth, has_occupation, has_date_of_death, has_date_of_birth",4,6481,25924
"has_place_of_birth, has_gender, has_occupation, has_award_received, has_date_of_birth",5,5142,25710
"has_place_of_birth, has_place_of_death, has_gender, has_country_of_citizenship, has_occupation",5,5137,25685
"has_place_of_birth, has_place_of_death, has_gender, has_country_of_citizenship, has_date_of_death",5,5137,25685
"has_place_of_birth, has_place_of_death, has_country_of_citizenship, has_occupation, has_date_of_death",5,5137,25685
"has_place_of_birth, has_place_of_death, has_gender, has_country_of_citizenship, has_date_of_birth",5,5136,25680
"has_place_of_birth, has_place_of_death, has_country_of_citizenship, has_occupation, has_date_of_birth",5,5136,25680
"has_place_of_birth, has_place_of_death, has_country_of_citizenship, has_date_of_death, has_date_of_birth",5,5136,25680
"has_place_of_birth, has_gender, has_country_of_citizenship, has_award_received, has_date_of_birth",5,5011,25055
"has_place_of_birth, has_gender, has_country_of_citizenship, has_occupation, has_award_received",5,5011,25055
"has_place_of_birth, has_country_of_citizenship, has_occupation, has_award_received, has_date_of_birth",5,5011,25055
"has_place_of_birth, has_gender, has_country_of_citizenship, has_position_held, has_occupation, has_date_of_birth",6,4091,24546
"has_place_of_birth, has_gender, has_country_of_citizenship, has_date_of_death",4,6060,24240
"has_place_of_birth, has_country_of_citizenship, has_occupation, has_date_of_death",4,6060,24240
"has_place_of_birth, has_country_of_citizenship, has_date_of_death, has_date_of_birth",4,6059,24236
"has_place_of_death, has_gender, has_occupation, has_date_of_death",4,5802,23208
"has_place_of_death, has_gender, has_occupation, has_date_of_birth",4,5794,23176
"has_place_of_death, has_gender, has_date_of_death, has_date_of_birth",4,5793,23172
"has_place_of_death, has_occupation, has_date_of_death, has_date_of_birth",4,5793,23172
"has_place_of_birth, has_place_of_death, has_gender, has_occupation",4,5482,21928
"has_place_of_birth, has_place_of_death, has_occupation, has_date_of_death",4,5481,21924
"has_place_of_birth, has_place_of_death, has_gender, has_date_of_death",4,5481,21924
"has_place_of_birth, has_place_of_death, has_gender, has_date_of_birth",4,5479,21916
"has_place_of_birth, has_place_of_death, has_occupation, has_date_of_birth",4,5479,21916
"has_place_of_birth, has_place_of_death, has_date_of_death, has_date_of_birth",4,5478,21912
"has_gender, has_occupation, has_award_received, has_date_of_birth",4,5433,21732
"has_place_of_death, has_gender, has_country_of_citizenship, has_date_of_death",4,5393,21572
"has_place_of_death, has_country_of_citizenship, has_occupation, has_date_of_death",4,5393,21572
"has_place_of_death, has_gender, has_country_of_citizenship, has_occupation",4,5393,21572
"has_place_of_birth, has_gender, has_country_of_citizenship, has_educated_at, has_occupation, has_award_received, has_date_of_birth",7,3080,21560
"has_place_of_death, has_country_of_citizenship, has_date_of_death, has_date_of_birth",4,5388,21552
"has_place_of_death, has_gender, has_country_of_citizenship, has_date_of_birth",4,5388,21552
"has_place_of_death, has_country_of_citizenship, has_occupation, has_date_of_birth",4,5388,21552
"has_gender, has_country_of_citizenship, has_position_held, has_occupation, has_date_of_birth",5,4290,21450
"has_gender, has_country_of_citizenship, has_occupation, has_award_received",4,5277,21108
"has_gender, has_country_of_citizenship, has_award_received, has_date_of_birth",4,5270,21080
"has_country_of_citizenship, has_occupation, has_award_received, has_date_of_birth",4,5270,21080
"has_place_of_birth, has_gender, has_country_of_citizenship, has_occupation, has_award_received, has_date_of_death, has_date_of_birth",7,2998,20986
"has_place_of_birth, has_gender, has_position_held, has_occupation, has_date_of_birth",5,4145,20725
"has_place_of_birth, has_occupation, has_award_received, has_date_of_birth",4,5142,20568
"has_place_of_birth, has_gender, has_award_received, has_date_of_birth",4,5142,20568
"has_place_of_birth, has_gender, has_occupation, has_award_received",4,5142,20568
"has_place_of_birth, has_place_of_death, has_country_of_citizenship, has_occupation",4,5137,20548
"has_place_of_birth, has_place_of_death, has_country_of_citizenship, has_date_of_death",4,5137,20548
"has_place_of_birth, has_place_of_death, has_gender, has_country_of_citizenship",4,5137,20548
"has_place_of_birth, has_place_of_death, has_country_of_citizenship, has_date_of_birth",4,5136,20544
"has_place_of_birth, has_gender, has_country_of_citizenship, has_position_held, has_occupation",5,4091,20455
"has_place_of_birth, has_country_of_citizenship, has_position_held, has_occupation, has_date_of_birth",5,4091,20455
"has_place_of_birth, has_gender, has_country_of_citizenship, has_position_held, has_date_of_birth",5,4091,20455
"has_place_of_birth, has_place_of_death, has_gender, has_country_of_citizenship, has_occupation, has_award_received, has_date_of_death, has_date_of_birth",8,2528,20224
"has_place_of_birth, has_country_of_citizenship, has_award_received, has_date_of_birth",4,5011,20044
"has_place_of_birth, has_country_of_citizenship, has_occupation, has_award_received",4,5011,20044
"has_place_of_birth, has_gender, has_country_of_citizenship, has_award_received",4,5011,20044
"has_place_of_birth, has_gender, has_country_of_citizenship, has_position_held, has_educated_at, has_occupation, has_date_of_birth",7,2826,19782
"has_gender, has_country_of_citizenship, has_educated_at, has_occupation, has_award_received, has_date_of_birth",6,3192,19152
"has_gender, has_country_of_citizenship, has_occupation, has_award_received, has_date_of_death, has_date_of_birth",6,3164,18984
"has_place_of_birth, has_gender, has_educated_at, has_occupation, has_award_received, has_date_of_birth",6,3128,18768
"has_place_of_birth, has_gender, has_occupation, has_award_received, has_date_of_death, has_date_of_birth",6,3097,18582
"has_place_of_birth, has_gender, has_country_of_citizenship, has_educated_at, has_occupation, has_date_of_death, has_date_of_birth",7,2653,18571
"has_place_of_birth, has_gender, has_country_of_citizenship, has_educated_at, has_award_received, has_date_of_birth",6,3080,18480
"has_place_of_birth, has_country_of_citizenship, has_educated_at, has_occupation, has_award_received, has_date_of_birth",6,3080,18480
"has_place_of_birth, has_gender, has_country_of_citizenship, has_educated_at, has_occupation, has_award_received",6,3080,18480
"has_place_of_birth, has_place_of_death, has_gender, has_occupation, has_award_received, has_date_of_death, has_date_of_birth",7,2614,18298
"has_place_of_death, has_gender, has_country_of_citizenship, has_occupation, has_award_received, has_date_of_death, has_date_of_birth",7,2596,18172
"has_place_of_birth, has_place_of_death, has_gender, has_country_of_citizenship, has_educated_at, has_occupation, has_date_of_death, has_date_of_birth",8,2268,18144
"has_place_of_birth, has_country_of_citizenship, has_occupation, has_award_received, has_date_of_death, has_date_of_birth",6,2998,17988
"has_place_of_birth, has_gender, has_country_of_citizenship, has_award_received, has_date_of_death, has_date_of_birth",6,2998,17988
"has_place_of_birth, has_gender, has_country_of_citizenship, has_occupation, has_award_received, has_date_of_death",6,2998,17988
"has_place_of_birth, has_place_of_death, has_gender, has_country_of_citizenship, has_award_received, has_date_of_death, has_date_of_birth",7,2528,17696
"has_place_of_birth, has_place_of_death, has_gender, has_country_of_citizenship, has_occupation, has_award_received, has_date_of_birth",7,2528,17696
"has_place_of_birth, has_place_of_death, has_gender, has_country_of_citizenship, has_occupation, has_award_received, has_date_of_death",7,2528,17696
"has_place_of_birth, has_place_of_death, has_country_of_citizenship, has_occupation, has_award_received, has_date_of_death, has_date_of_birth",7,2528,17696
"has_gender, has_position_held, has_occupation, has_date_of_birth",4,4357,17428
"has_gender, has_country_of_citizenship, has_position_held, has_educated_at, has_occupation, has_date_of_birth",6,2897,17382
"has_gender, has_country_of_citizenship, has_position_held, has_occupation",4,4298,17192
"has_country_of_citizenship, has_position_held, has_occupation, has_date_of_birth",4,4290,17160
"has_gender, has_country_of_citizenship, has_position_held, has_date_of_birth",4,4290,17160
"has_place_of_birth, has_gender, has_position_held, has_educated_at, has_occupation, has_date_of_birth",6,2850,17100
"has_place_of_birth, has_gender, has_country_of_citizenship, has_position_held, has_educated_at, has_date_of_birth",6,2826,16956
"has_place_of_birth, has_country_of_citizenship, has_position_held, has_educated_at, has_occupation, has_date_of_birth",6,2826,16956
"has_place_of_birth, has_gender, has_country_of_citizenship, has_position_held, has_educated_at, has_occupation",6,2826,16956
"has_gender, has_country_of_citizenship, has_educated_at, has_occupation, has_date_of_death, has_date_of_birth",6,2781,16686
"has_place_of_birth, has_position_held, has_occupation, has_date_of_birth",4,4145,16580
"has_place_of_birth, has_gender, has_position_held, has_occupation",4,4145,16580
"has_place_of_birth, has_gender, has_position_held, has_date_of_birth",4,4145,16580
"has_place_of_birth, has_gender, has_educated_at, has_occupation, has_date_of_death, has_date_of_birth",6,2753,16518
"has_place_of_birth, has_place_of_death, has_gender, has_educated_at, has_occupation, has_date_of_death, has_date_of_birth",7,2359,16513
"has_gender, has_occupation, has_award_received, has_date_of_death, has_date_of_birth",5,3280,16400
"has_place_of_death, has_gender, has_country_of_citizenship, has_educated_at, has_occupation, has_date_of_death, has_date_of_birth",7,2338,16366
"has_place_of_birth, has_gender, has_country_of_citizenship, has_position_held",4,4091,16364
"has_place_of_birth, has_country_of_citizenship, has_position_held, has_occupation",4,4091,16364
"has_place_of_birth, has_country_of_citizenship, has_position_held, has_date_of_birth",4,4091,16364
"has_gender, has_educated_at, has_occupation, has_award_received, has_date_of_birth",5,3251,16255
"has_place_of_death, has_gender, has_occupation, has_award_received, has_date_of_death, has_date_of_birth",6,2689,16134
"has_gender, has_country_of_citizenship, has_educated_at, has_occupation, has_award_received",5,3194,15970
"has_gender, has_country_of_citizenship, has_educated_at, has_award_received, has_date_of_birth",5,3192,15960
"has_country_of_citizenship, has_educated_at, has_occupation, has_award_received, has_date_of_birth",5,3192,15960
"has_place_of_birth, has_country_of_citizenship, has_educated_at, has_occupation, has_date_of_death, has_date_of_birth",6,2653,15918
"has_place_of_birth, has_gender, has_country_of_citizenship, has_educated_at, has_occupation, has_date_of_death",6,2653,15918
"has_place_of_birth, has_gender, has_country_of_citizenship, has_educated_at, has_date_of_death, has_date_of_birth",6,2653,15918
"has_place_of_birth, has_place_of_death, has_gender, has_country_of_citizenship, has_educated_at, has_occupation, has_date_of_birth",7,2268,15876
"has_place_of_birth, has_place_of_death, has_country_of_citizenship, has_educated_at, has_occupation, has_date_of_death, has_date_of_birth",7,2268,15876
"has_place_of_birth, has_place_of_death, has_gender, has_country_of_citizenship, has_educated_at, has_occupation, has_date_of_death",7,2268,15876
"has_place_of_birth, has_place_of_death, has_gender, has_country_of_citizenship, has_educated_at, has_date_of_death, has_date_of_birth",7,2268,15876
"has_gender, has_country_of_citizenship, has_occupation, has_award_received, has_date_of_death",5,3165,15825
"has_country_of_citizenship, has_occupation, has_award_received, has_date_of_death, has_date_of_birth",5,3164,15820
"has_gender, has_country_of_citizenship, has_award_received, has_date_of_death, has_date_of_birth",5,3164,15820
"has_place_of_birth, has_place_of_death, has_occupation, has_award_received, has_date_of_death, has_date_of_birth",6,2614,15684
"has_place_of_birth, has_place_of_death, has_gender, has_occupation, has_award_received, has_date_of_death",6,2614,15684
"has_place_of_birth, has_place_of_death, has_gender, has_occupation, has_award_received, has_date_of_birth",6,2614,15684
"has_place_of_birth, has_place_of_death, has_gender, has_award_received, has_date_of_death, has_date_of_birth",6,2614,15684
"has_place_of_birth, has_educated_at, has_occupation, has_award_received, has_date_of_birth",5,3128,15640
"has_place_of_birth, has_gender, has_educated_at, has_award_received, has_date_of_birth",5,3128,15640
"has_place_of_birth, has_gender, has_educated_at, has_occupation, has_award_received",5,3128,15640
"has_place_of_death, has_gender, has_country_of_citizenship, has_occupation, has_award_received, has_date_of_birth",6,2596,15576
"has_place_of_death, has_country_of_citizenship, has_occupation, has_award_received, has_date_of_death, has_date_of_birth",6,2596,15576
"has_place_of_death, has_gender, has_country_of_citizenship, has_award_received, has_date_of_death, has_date_of_birth",6,2596,15576
"has_place_of_death, has_gender, has_country_of_citizenship, has_occupation, has_award_received, has_date_of_death",6,2596,15576
"has_place_of_birth, has_gender, has_award_received, has_date_of_death, has_date_of_birth",5,3097,15485
"has_place_of_birth, has_occupation, has_award_received, has_date_of_death, has_date_of_birth",5,3097,15485
"has_place_of_birth, has_gender, has_occupation, has_award_received, has_date_of_death",5,3097,15485
"has_place_of_birth, has_country_of_citizenship, has_educated_at, has_occupation, has_award_received",5,3080,15400
"has_place_of_birth, has_country_of_citizenship, has_educated_at, has_award_received, has_date_of_birth",5,3080,15400
"has_place_of_birth, has_gender, has_country_of_citizenship, has_educated_at, has_award_received",5,3080,15400
"has_place_of_birth, has_place_of_death, has_gender, has_country_of_citizenship, has_occupation, has_award_received",6,2528,15168
"has_place_of_birth, has_place_of_death, has_country_of_citizenship, has_occupation, has_award_received, has_date_of_death",6,2528,15168
"has_place_of_birth, has_place_of_death, has_country_of_citizenship, has_award_received, has_date_of_death, has_date_of_birth",6,2528,15168
"has_place_of_birth, has_place_of_death, has_country_of_citizenship, has_occupation, has_award_received, has_date_of_birth",6,2528,15168
"has_place_of_birth, has_place_of_death, has_gender, has_country_of_citizenship, has_award_received, has_date_of_birth",6,2528,15168
"has_place_of_birth, has_place_of_death, has_gender, has_country_of_citizenship, has_award_received, has_date_of_death",6,2528,15168
"has_place_of_birth, has_gender, has_country_of_citizenship, has_position_held, has_occupation, has_award_received, has_date_of_birth",7,2155,15085
"has_place_of_birth, has_country_of_citizenship, has_occupation, has_award_received, has_date_of_death",5,2998,14990
"has_place_of_birth, has_gender, has_country_of_citizenship, has_award_received, has_date_of_death",5,2998,14990
"has_place_of_birth, has_country_of_citizenship, has_award_received, has_date_of_death, has_date_of_birth",5,2998,14990
"has_gender, has_position_held, has_educated_at, has_occupation, has_date_of_birth",5,2924,14620
"has_place_of_death, has_gender, has_educated_at, has_occupation, has_date_of_death, has_date_of_birth",6,2434,14604
"has_gender, has_country_of_citizenship, has_position_held, has_educated_at, has_occupation",5,2901,14505
"has_gender, has_country_of_citizenship, has_position_held, has_educated_at, has_date_of_birth",5,2897,14485
"has_country_of_citizenship, has_position_held, has_educated_at, has_occupation, has_date_of_birth",5,2897,14485
"has_gender, has_educated_at, has_occupation, has_date_of_death, has_date_of_birth",5,2893,14465
"has_place_of_birth, has_position_held, has_educated_at, has_occupation, has_date_of_birth",5,2850,14250
"has_place_of_birth, has_gender, has_position_held, has_educated_at, has_occupation",5,2850,14250
"has_place_of_birth, has_gender, has_position_held, has_educated_at, has_date_of_birth",5,2850,14250
"has_place_of_birth, has_place_of_death, has_gender, has_educated_at, has_occupation, has_date_of_death",6,2359,14154
"has_place_of_birth, has_place_of_death, has_gender, has_educated_at, has_occupation, has_date_of_birth",6,2359,14154
"has_place_of_birth, has_place_of_death, has_gender, has_educated_at, has_date_of_death, has_date_of_birth",6,2359,14154
"has_place_of_birth, has_place_of_death, has_educated_at, has_occupation, has_date_of_death, has_date_of_birth",6,2359,14154
"has_place_of_birth, has_gender, has_country_of_citizenship, has_position_held, has_educated_at",5,2826,14130
"has_place_of_birth, has_country_of_citizenship, has_position_held, has_educated_at, has_occupation",5,2826,14130
"has_place_of_birth, has_country_of_citizenship, has_position_held, has_educated_at, has_date_of_birth",5,2826,14130
"has_place_of_death, has_gender, has_country_of_citizenship, has_educated_at, has_date_of_death, has_date_of_birth",6,2338,14028
"has_place_of_death, has_gender, has_country_of_citizenship, has_educated_at, has_occupation, has_date_of_birth",6,2338,14028
"has_place_of_death, has_country_of_citizenship, has_educated_at, has_occupation, has_date_of_death, has_date_of_birth",6,2338,14028
"has_place_of_death, has_gender, has_country_of_citizenship, has_educated_at, has_occupation, has_date_of_death",6,2338,14028
"has_gender, has_country_of_citizenship, has_educated_at, has_occupation, has_date_of_death",5,2782,13910
"has_gender, has_country_of_citizenship, has_educated_at, has_date_of_death, has_date_of_birth",5,2781,13905
"has_country_of_citizenship, has_educated_at, has_occupation, has_date_of_death, has_date_of_birth",5,2781,13905
"has_place_of_birth, has_gender, has_educated_at, has_occupation, has_date_of_death",5,2753,13765
"has_place_of_birth, has_gender, has_educated_at, has_date_of_death, has_date_of_birth",5,2753,13765
"has_place_of_birth, has_educated_at, has_occupation, has_date_of_death, has_date_of_birth",5,2753,13765
"has_place_of_birth, has_place_of_death, has_gender, has_country_of_citizenship, has_educated_at, has_date_of_death",6,2268,13608
"has_place_of_birth, has_place_of_death, has_country_of_citizenship, has_educated_at, has_date_of_death, has_date_of_birth",6,2268,13608
"has_place_of_birth, has_place_of_death, has_gender, has_country_of_citizenship, has_educated_at, has_date_of_birth",6,2268,13608
"has_place_of_birth, has_place_of_death, has_gender, has_country_of_citizenship, has_educated_at, has_occupation",6,2268,13608
"has_place_of_birth, has_place_of_death, has_country_of_citizenship, has_educated_at, has_occupation, has_date_of_birth",6,2268,13608
"has_place_of_birth, has_place_of_death, has_country_of_citizenship, has_educated_at, has_occupation, has_date_of_death",6,2268,13608
"has_place_of_death, has_gender, has_occupation, has_award_received, has_date_of_death",5,2689,13445
"has_place_of_death, has_occupation, has_award_received, has_date_of_death, has_date_of_birth",5,2689,13445
"has_place_of_death, has_gender, has_occupation, has_award_received, has_date_of_birth",5,2689,13445
"has_place_of_death, has_gender, has_award_received, has_date_of_death, has_date_of_birth",5,2689,13445
"has_gender, has_country_of_citizenship, has_position_held, has_occupation, has_award_received, has_date_of_birth",6,2211,13266
"has_place_of_birth, has_country_of_citizenship, has_educated_at, has_occupation, has_date_of_death",5,2653,13265
"has_place_of_birth, has_gender, has_country_of_citizenship, has_educated_at, has_date_of_death",5,2653,13265
"has_place_of_birth, has_country_of_citizenship, has_educated_at, has_date_of_death, has_date_of_birth",5,2653,13265
"has_gender, has_occupation, has_award_received, has_date_of_death",4,3281,13124
"has_occupation, has_award_received, has_date_of_death, has_date_of_birth",4,3280,13120
"has_gender, has_award_received, has_date_of_death, has_date_of_birth",4,3280,13120
"has_place_of_birth, has_place_of_death, has_occupation, has_award_received, has_date_of_birth",5,2614,13070
"has_place_of_birth, has_place_of_death, has_award_received, has_date_of_death, has_date_of_birth",5,2614,13070
"has_place_of_birth, has_place_of_death, has_gender, has_award_received, has_date_of_birth",5,2614,13070
"has_place_of_birth, has_place_of_death, has_gender, has_award_received, has_date_of_death",5,2614,13070
"has_place_of_birth, has_place_of_death, has_occupation, has_award_received, has_date_of_death",5,2614,13070
"has_place_of_birth, has_place_of_death, has_gender, has_occupation, has_award_received",5,2614,13070
"has_place_of_birth, has_gender, has_position_held, has_occupation, has_award_received, has_date_of_birth",6,2172,13032
"has_gender, has_educated_at, has_occupation, has_award_received",4,3253,13012
"has_gender, has_educated_at, has_award_received, has_date_of_birth",4,3251,13004
"has_educated_at, has_occupation, has_award_received, has_date_of_birth",4,3251,13004
"has_place_of_death, has_country_of_citizenship, has_award_received, has_date_of_death, has_date_of_birth",5,2596,12980
"has_place_of_death, has_country_of_citizenship, has_occupation, has_award_received, has_date_of_birth",5,2596,12980
"has_place_of_death, has_gender, has_country_of_citizenship, has_occupation, has_award_received",5,2596,12980
"has_place_of_death, has_gender, has_country_of_citizenship, has_award_received, has_date_of_birth",5,2596,12980
"has_place_of_death, has_country_of_citizenship, has_occupation, has_award_received, has_date_of_death",5,2596,12980
"has_place_of_death, has_gender, has_country_of_citizenship, has_award_received, has_date_of_death",5,2596,12980
"has_place_of_birth, has_gender, has_country_of_citizenship, has_position_held, has_occupation, has_award_received",6,2155,12930
"has_place_of_birth, has_gender, has_country_of_citizenship, has_position_held, has_award_received, has_date_of_birth",6,2155,12930
"has_place_of_birth, has_country_of_citizenship, has_position_held, has_occupation, has_award_received, has_date_of_birth",6,2155,12930
"has_gender, has_country_of_citizenship, has_educated_at, has_award_received",4,3194,12776
"has_country_of_citizenship, has_educated_at, has_occupation, has_award_received",4,3194,12776
"has_country_of_citizenship, has_educated_at, has_award_received, has_date_of_birth",4,3192,12768
"has_country_of_citizenship, has_occupation, has_award_received, has_date_of_death",4,3165,12660
"has_gender, has_country_of_citizenship, has_award_received, has_date_of_death",4,3165,12660
"has_country_of_citizenship, has_award_received, has_date_of_death, has_date_of_birth",4,3164,12656
"has_place_of_birth, has_place_of_death, has_gender, has_country_of_citizenship, has_award_received",5,2528,12640
"has_gender, has_field_of_work, has_occupation, has_date_of_birth",4,3160,12640
"has_place_of_birth, has_place_of_death, has_country_of_citizenship, has_award_received, has_date_of_birth",5,2528,12640
"has_place_of_birth, has_place_of_death, has_country_of_citizenship, has_occupation, has_award_received",5,2528,12640
"has_place_of_birth, has_place_of_death, has_country_of_citizenship, has_award_received, has_date_of_death",5,2528,12640
"has_place_of_birth, has_gender, has_country_of_citizenship, has_field_of_work, has_occupation, has_date_of_birth",6,2095,12570
"has_place_of_birth, has_gender, has_field_of_work, has_occupation, has_date_of_birth",5,2504,12520
"has_place_of_birth, has_gender, has_educated_at, has_award_received",4,3128,12512
"has_place_of_birth, has_educated_at, has_award_received, has_date_of_birth",4,3128,12512
"has_place_of_birth, has_educated_at, has_occupation, has_award_received",4,3128,12512
"has_place_of_birth, has_award_received, has_date_of_death, has_date_of_birth",4,3097,12388
"has_place_of_birth, has_occupation, has_award_received, has_date_of_death",4,3097,12388
"has_place_of_birth, has_gender, has_award_received, has_date_of_death",4,3097,12388
"has_place_of_birth, has_country_of_citizenship, has_educated_at, has_award_received",4,3080,12320
"has_place_of_death, has_educated_at, has_occupation, has_date_of_death, has_date_of_birth",5,2434,12170
"has_place_of_death, has_gender, has_educated_at, has_date_of_death, has_date_of_birth",5,2434,12170
"has_place_of_death, has_gender, has_educated_at, has_occupation, has_date_of_death",5,2434,12170
"has_place_of_death, has_gender, has_educated_at, has_occupation, has_date_of_birth",5,2434,12170
"has_place_of_birth, has_gender, has_country_of_citizenship, has_educated_at, has_occupation, has_award_received, has_date_of_death, has_date_of_birth",8,1517,12136
"has_place_of_birth, has_gender, has_country_of_citizenship, has_position_held, has_educated_at, has_occupation, has_award_received, has_date_of_birth",8,1507,12056
"has_place_of_birth, has_gender, has_country_of_citizenship, has_position_held, has_occupation, has_date_of_death, has_date_of_birth",7,1719,12033
"has_place_of_birth, has_country_of_citizenship, has_award_received, has_date_of_death",4,2998,11992
"has_place_of_birth, has_place_of_death, has_gender, has_educated_at, has_occupation",5,2359,11795
"has_place_of_birth, has_place_of_death, has_educated_at, has_date_of_death, has_date_of_birth",5,2359,11795
"has_place_of_birth, has_place_of_death, has_gender, has_educated_at, has_date_of_birth",5,2359,11795
"has_place_of_birth, has_place_of_death, has_educated_at, has_occupation, has_date_of_birth",5,2359,11795
"has_place_of_birth, has_place_of_death, has_gender, has_educated_at, has_date_of_death",5,2359,11795
"has_place_of_birth, has_place_of_death, has_educated_at, has_occupation, has_date_of_death",5,2359,11795
"has_gender, has_position_held, has_educated_at, has_occupation",4,2928,11712
"has_gender, has_position_held, has_educated_at, has_date_of_birth",4,2924,11696
"has_position_held, has_educated_at, has_occupation, has_date_of_birth",4,2924,11696
"has_place_of_death, has_country_of_citizenship, has_educated_at, has_date_of_death, has_date_of_birth",5,2338,11690
"has_place_of_death, has_gender, has_country_of_citizenship, has_educated_at, has_date_of_birth",5,2338,11690
"has_place_of_death, has_country_of_citizenship, has_educated_at, has_occupation, has_date_of_birth",5,2338,11690
"has_place_of_death, has_country_of_citizenship, has_educated_at, has_occupation, has_date_of_death",5,2338,11690
"has_place_of_death, has_gender, has_country_of_citizenship, has_educated_at, has_occupation",5,2338,11690
"has_place_of_death, has_gender, has_country_of_citizenship, has_educated_at, has_date_of_death",5,2338,11690
"has_gender, has_country_of_citizenship, has_field_of_work, has_occupation, has_date_of_birth",5,2323,11615
"has_country_of_citizenship, has_position_held, has_educated_at, has_occupation",4,2901,11604
"has_gender, has_country_of_citizenship, has_position_held, has_educated_at",4,2901,11604
"has_country_of_citizenship, has_position_held, has_educated_at, has_date_of_birth",4,2897,11588
"has_place_of_birth, has_place_of_death, has_gender, has_country_of_citizenship, has_educated_at, has_occupation, has_award_received, has_date_of_death, has_date_of_birth",9,1287,11583
"has_gender, has_educated_at, has_occupation, has_date_of_death",4,2894,11576
"has_educated_at, has_occupation, has_date_of_death, has_date_of_birth",4,2893,11572
"has_gender, has_educated_at, has_date_of_death, has_date_of_birth",4,2893,11572
"has_place_of_birth, has_gender, has_position_held, has_educated_at",4,2850,11400
"has_place_of_birth, has_position_held, has_educated_at, has_occupation",4,2850,11400
"has_place_of_birth, has_position_held, has_educated_at, has_date_of_birth",4,2850,11400
"has_place_of_birth, has_place_of_death, has_country_of_citizenship, has_educated_at, has_occupation",5,2268,11340
"has_place_of_birth, has_place_of_death, has_country_of_citizenship, has_educated_at, has_date_of_death",5,2268,11340
"has_place_of_birth, has_place_of_death, has_gender, has_country_of_citizenship, has_educated_at",5,2268,11340
"has_place_of_birth, has_place_of_death, has_country_of_citizenship, has_educated_at, has_date_of_birth",5,2268,11340
"has_place_of_birth, has_country_of_citizenship, has_position_held, has_educated_at",4,2826,11304
"has_gender, has_position_held, has_occupation, has_award_received, has_date_of_birth",5,2231,11155
"has_country_of_citizenship, has_educated_at, has_occupation, has_date_of_death",4,2782,11128
"has_gender, has_country_of_citizenship, has_educated_at, has_date_of_death",4,2782,11128
"has_country_of_citizenship, has_educated_at, has_date_of_death, has_date_of_birth",4,2781,11124
"has_place_of_birth, has_place_of_death, has_gender, has_country_of_citizenship, has_position_held, has_occupation, has_date_of_death, has_date_of_birth",8,1385,11080
"has_gender, has_country_of_citizenship, has_position_held, has_occupation, has_award_received",5,2212,11060
"has_gender, has_country_of_citizenship, has_position_held, has_award_received, has_date_of_birth",5,2211,11055
"has_country_of_citizenship, has_position_held, has_occupation, has_award_received, has_date_of_birth",5,2211,11055
"has_place_of_birth, has_gender, has_educated_at, has_date_of_death",4,2753,11012
"has_place_of_birth, has_educated_at, has_date_of_death, has_date_of_birth",4,2753,11012
"has_place_of_birth, has_educated_at, has_occupation, has_date_of_death",4,2753,11012
"has_gender, has_country_of_citizenship, has_educated_at, has_occupation, has_award_received, has_date_of_death, has_date_of_birth",7,1566,10962
"has_gender, has_country_of_citizenship, has_position_held, has_occupation, has_date_of_death, has_date_of_birth",6,1820,10920
"has_place_of_birth, has_gender, has_position_held, has_award_received, has_date_of_birth",5,2172,10860
"has_place_of_birth, has_position_held, has_occupation, has_award_received, has_date_of_birth",5,2172,10860
"has_place_of_birth, has_gender, has_position_held, has_occupation, has_award_received",5,2172,10860
"has_place_of_birth, has_place_of_death, has_gender, has_field_of_work, has_occupation, has_date_of_death, has_date_of_birth",7,1547,10829
"has_place_of_birth, has_gender, has_educated_at, has_occupation, has_award_received, has_date_of_death, has_date_of_birth",7,1546,10822
"has_gender, has_country_of_citizenship, has_position_held, has_educated_at, has_occupation, has_award_received, has_date_of_birth",7,1543,10801
"has_place_of_birth, has_gender, has_country_of_citizenship, has_position_held, has_award_received",5,2155,10775
"has_place_of_birth, has_country_of_citizenship, has_position_held, has_award_received, has_date_of_birth",5,2155,10775
"has_place_of_birth, has_country_of_citizenship, has_position_held, has_occupation, has_award_received",5,2155,10775
"has_place_of_death, has_gender, has_award_received, has_date_of_death",4,2689,10756
"has_place_of_death, has_gender, has_award_received, has_date_of_birth",4,2689,10756
"has_place_of_death, has_occupation, has_award_received, has_date_of_birth",4,2689,10756
"has_place_of_death, has_occupation, has_award_received, has_date_of_death",4,2689,10756
"has_place_of_death, has_gender, has_occupation, has_award_received",4,2689,10756
"has_place_of_death, has_award_received, has_date_of_death, has_date_of_birth",4,2689,10756
"has_place_of_birth, has_gender, has_country_of_citizenship, has_educated_at, has_occupation, has_award_received, has_date_of_death",7,1517,10619
"has_place_of_birth, has_gender, has_country_of_citizenship, has_educated_at, has_award_received, has_date_of_death, has_date_of_birth",7,1517,10619
"has_place_of_birth, has_country_of_citizenship, has_educated_at, has_occupation, has_award_received, has_date_of_death, has_date_of_birth",7,1517,10619
"has_place_of_birth, has_gender, has_position_held, has_occupation, has_date_of_death, has_date_of_birth",6,1769,10614
"has_place_of_birth, has_country_of_citizenship, has_educated_at, has_date_of_death",4,2653,10612
"has_place_of_birth, has_gender, has_position_held, has_educated_at, has_occupation, has_award_received, has_date_of_birth",7,1509,10563
"has_place_of_birth, has_country_of_citizenship, has_position_held, has_educated_at, has_occupation, has_award_received, has_date_of_birth",7,1507,10549
"has_place_of_birth, has_gender, has_country_of_citizenship, has_position_held, has_educated_at, has_occupation, has_award_received",7,1507,10549
"has_place_of_birth, has_gender, has_country_of_citizenship, has_position_held, has_educated_at, has_award_received, has_date_of_birth",7,1507,10549
"has_place_of_birth, has_place_of_death, has_gender, has_country_of_citizenship, has_field_of_work, has_occupation, has_date_of_death, has_date_of_birth",8,1316,10528
"has_place_of_death, has_gender, has_country_of_citizenship, has_educated_at, has_occupation, has_award_received, has_date_of_death, has_date_of_birth",8,1314,10512
"has_place_of_birth, has_place_of_death, has_gender, has_educated_at, has_occupation, has_award_received, has_date_of_death, has_date_of_birth",8,1313,10504
"has_place_of_birth, has_gender, has_country_of_citizenship, has_field_of_work, has_date_of_birth",5,2095,10475
"has_place_of_birth, has_country_of_citizenship, has_field_of_work, has_occupation, has_date_of_birth",5,2095,10475
"has_place_of_birth, has_gender, has_country_of_citizenship, has_field_of_work, has_occupation",5,2095,10475
"has_place_of_birth, has_place_of_death, has_award_received, has_date_of_birth",4,2614,10456
"has_place_of_birth, has_place_of_death, has_occupation, has_award_received",4,2614,10456
"has_place_of_birth, has_place_of_death, has_award_received, has_date_of_death",4,2614,10456
"has_place_of_birth, has_place_of_death, has_gender, has_award_received",4,2614,10456
"has_place_of_birth, has_gender, has_field_of_work, has_occupation, has_date_of_death, has_date_of_birth",6,1742,10452
"has_place_of_death, has_gender, has_country_of_citizenship, has_award_received",4,2596,10384
"has_place_of_death, has_country_of_citizenship, has_award_received, has_date_of_birth",4,2596,10384
"has_place_of_death, has_country_of_citizenship, has_occupation, has_award_received",4,2596,10384
"has_place_of_death, has_country_of_citizenship, has_award_received, has_date_of_death",4,2596,10384
"has_gender, has_field_of_work, has_occupation, has_date_of_death, has_date_of_birth",5,2063,10315
"has_place_of_birth, has_country_of_citizenship, has_position_held, has_occupation, has_date_of_death, has_date_of_birth",6,1719,10314
"has_place_of_birth, has_gender, has_country_of_citizenship, has_position_held, has_occupation, has_date_of_death",6,1719,10314
"has_place_of_birth, has_gender, has_country_of_citizenship, has_position_held, has_date_of_death, has_date_of_birth",6,1719,10314
"has_place_of_birth, has_place_of_death, has_gender, has_country_of_citizenship, has_educated_at, has_occupation, has_award_received, has_date_of_death",8,1287,10296
"has_place_of_birth, has_place_of_death, has_gender, has_country_of_citizenship, has_educated_at, has_award_received, has_date_of_death, has_date_of_birth",8,1287,10296
"has_place_of_birth, has_place_of_death, has_gender, has_country_of_citizenship, has_educated_at, has_occupation, has_award_received, has_date_of_birth",8,1287,10296
"has_place_of_birth, has_place_of_death, has_country_of_citizenship, has_educated_at, has_occupation, has_award_received, has_date_of_death, has_date_of_birth",8,1287,10296
"has_place_of_birth, has_gender, has_country_of_citizenship, has_field_of_work, has_occupation, has_date_of_death, has_date_of_birth",7,1453,10171
"has_place_of_birth, has_place_of_death, has_country_of_citizenship, has_award_received",4,2528,10112
"has_place_of_birth, has_gender, has_field_of_work, has_occupation",4,2505,10020
"has_place_of_birth, has_place_of_death, has_gender, has_position_held, has_occupation, has_date_of_death, has_date_of_birth",7,1431,10017
"has_place_of_birth, has_field_of_work, has_occupation, has_date_of_birth",4,2504,10016
"has_place_of_birth, has_gender, has_field_of_work, has_date_of_birth",4,2504,10016
"has_place_of_death, has_gender, has_country_of_citizenship, has_position_held, has_occupation, has_date_of_death, has_date_of_birth",7,1422,9954
"has_place_of_death, has_gender, has_field_of_work, has_occupation, has_date_of_death, has_date_of_birth",6,1634,9804
"has_place_of_death, has_educated_at, has_occupation, has_date_of_death",4,2434,9736
"has_place_of_death, has_educated_at, has_occupation, has_date_of_birth",4,2434,9736
"has_place_of_death, has_gender, has_educated_at, has_date_of_death",4,2434,9736
"has_place_of_death, has_gender, has_educated_at, has_date_of_birth",4,2434,9736
"has_place_of_death, has_educated_at, has_date_of_death, has_date_of_birth",4,2434,9736
"has_place_of_death, has_gender, has_educated_at, has_occupation",4,2434,9736
"has_place_of_birth, has_place_of_death, has_gender, has_country_of_citizenship, has_position_held, has_date_of_death, has_date_of_birth",7,1385,9695
"has_place_of_birth, has_place_of_death, has_gender, has_country_of_citizenship, has_position_held, has_occupation, has_date_of_death",7,1385,9695
"has_place_of_birth, has_place_of_death, has_country_of_citizenship, has_position_held, has_occupation, has_date_of_death, has_date_of_birth",7,1385,9695
"has_place_of_birth, has_place_of_death, has_gender, has_country_of_citizenship, has_position_held, has_occupation, has_date_of_birth",7,1385,9695
"has_place_of_birth, has_gender, has_country_of_citizenship, has_educated_at, has_occupation, has_employer, has_date_of_birth",7,1378,9646
"has_gender, has_educated_at, has_occupation, has_award_received, has_date_of_death, has_date_of_birth",6,1597,9582
"has_place_of_death, has_gender, has_country_of_citizenship, has_field_of_work, has_occupation, has_date_of_death, has_date_of_birth",7,1365,9555
"has_place_of_birth, has_gender, has_country_of_citizenship, has_occupation, has_employer, has_date_of_birth",6,1581,9486
"has_gender, has_country_of_citizenship, has_field_of_work, has_occupation, has_date_of_death, has_date_of_birth",6,1577,9462
"has_place_of_birth, has_place_of_death, has_educated_at, has_occupation",4,2359,9436
"has_place_of_birth, has_place_of_death, has_gender, has_educated_at",4,2359,9436
"has_place_of_birth, has_place_of_death, has_educated_at, has_date_of_birth",4,2359,9436
"has_place_of_birth, has_place_of_death, has_educated_at, has_date_of_death",4,2359,9436
"has_gender, has_position_held, has_occupation, has_date_of_death, has_date_of_birth",5,1883,9415
"has_gender, has_country_of_citizenship, has_educated_at, has_award_received, has_date_of_death, has_date_of_birth",6,1566,9396
"has_gender, has_country_of_citizenship, has_educated_at, has_occupation, has_award_received, has_date_of_death",6,1566,9396
"has_country_of_citizenship, has_educated_at, has_occupation, has_award_received, has_date_of_death, has_date_of_birth",6,1566,9396
"has_place_of_death, has_gender, has_educated_at, has_occupation, has_award_received, has_date_of_death, has_date_of_birth",7,1340,9380
"has_place_of_death, has_country_of_citizenship, has_educated_at, has_date_of_death",4,2338,9352
"has_place_of_death, has_country_of_citizenship, has_educated_at, has_occupation",4,2338,9352
"has_place_of_death, has_country_of_citizenship, has_educated_at, has_date_of_birth",4,2338,9352
"has_place_of_death, has_gender, has_country_of_citizenship, has_educated_at",4,2338,9352
"has_gender, has_country_of_citizenship, has_field_of_work, has_occupation",4,2328,9312
"has_gender, has_country_of_citizenship, has_field_of_work, has_date_of_birth",4,2323,9292
"has_country_of_citizenship, has_field_of_work, has_occupation, has_date_of_birth",4,2323,9292
"has_place_of_birth, has_place_of_death, has_gender, has_field_of_work, has_occupation, has_date_of_birth",6,1548,9288
"has_place_of_birth, has_place_of_death, has_field_of_work, has_occupation, has_date_of_death, has_date_of_birth",6,1547,9282
"has_place_of_birth, has_place_of_death, has_gender, has_field_of_work, has_date_of_death, has_date_of_birth",6,1547,9282
"has_place_of_birth, has_place_of_death, has_gender, has_field_of_work, has_occupation, has_date_of_death",6,1547,9282
"has_place_of_birth, has_gender, has_educated_at, has_occupation, has_award_received, has_date_of_death",6,1546,9276
"has_place_of_birth, has_gender, has_educated_at, has_award_received, has_date_of_death, has_date_of_birth",6,1546,9276
"has_place_of_birth, has_educated_at, has_occupation, has_award_received, has_date_of_death, has_date_of_birth",6,1546,9276
"has_gender, has_position_held, has_educated_at, has_occupation, has_award_received, has_date_of_birth",6,1545,9270
"has_gender, has_country_of_citizenship, has_position_held, has_educated_at, has_occupation, has_award_received",6,1544,9264
"has_country_of_citizenship, has_position_held, has_educated_at, has_occupation, has_award_received, has_date_of_birth",6,1543,9258
"has_gender, has_country_of_citizenship, has_position_held, has_educated_at, has_award_received, has_date_of_birth",6,1543,9258
"has_place_of_birth, has_place_of_death, has_country_of_citizenship, has_field_of_work, has_occupation, has_date_of_death, has_date_of_birth",7,1316,9212
"has_place_of_birth, has_place_of_death, has_gender, has_country_of_citizenship, has_field_of_work, has_date_of_death, has_date_of_birth",7,1316,9212
"has_place_of_birth, has_place_of_death, has_gender, has_country_of_citizenship, has_field_of_work, has_occupation, has_date_of_death",7,1316,9212
"has_place_of_birth, has_place_of_death, has_gender, has_country_of_citizenship, has_field_of_work, has_occupation, has_date_of_birth",7,1316,9212
"has_place_of_death, has_country_of_citizenship, has_educated_at, has_occupation, has_award_received, has_date_of_death, has_date_of_birth",7,1314,9198
"has_place_of_death, has_gender, has_country_of_citizenship, has_educated_at, has_occupation, has_award_received, has_date_of_birth",7,1314,9198
"has_place_of_death, has_gender, has_country_of_citizenship, has_educated_at, has_award_received, has_date_of_death, has_date_of_birth",7,1314,9198
"has_place_of_death, has_gender, has_country_of_citizenship, has_educated_at, has_occupation, has_award_received, has_date_of_death",7,1314,9198
"has_place_of_birth, has_place_of_death, has_gender, has_educated_at, has_occupation, has_award_received, has_date_of_death",7,1313,9191
"has_place_of_birth, has_place_of_death, has_educated_at, has_occupation, has_award_received, has_date_of_death, has_date_of_birth",7,1313,9191
"has_place_of_birth, has_place_of_death, has_gender, has_educated_at, has_award_received, has_date_of_death, has_date_of_birth",7,1313,9191
"has_place_of_birth, has_place_of_death, has_gender, has_educated_at, has_occupation, has_award_received, has_date_of_birth",7,1313,9191
"has_gender, has_country_of_citizenship, has_position_held, has_occupation, has_date_of_death",5,1822,9110
"has_place_of_birth, has_country_of_citizenship, has_educated_at, has_occupation, has_award_received, has_date_of_death",6,1517,9102
"has_place_of_birth, has_gender, has_country_of_citizenship, has_educated_at, has_award_received, has_date_of_death",6,1517,9102
"has_place_of_birth, has_country_of_citizenship, has_educated_at, has_award_received, has_date_of_death, has_date_of_birth",6,1517,9102
"has_gender, has_country_of_citizenship, has_position_held, has_date_of_death, has_date_of_birth",5,1820,9100
"has_country_of_citizenship, has_position_held, has_occupation, has_date_of_death, has_date_of_birth",5,1820,9100
"has_place_of_birth, has_place_of_death, has_country_of_citizenship, has_educated_at",4,2268,9072
"has_place_of_birth, has_gender, has_position_held, has_educated_at, has_award_received, has_date_of_birth",6,1509,9054
"has_place_of_birth, has_gender, has_position_held, has_educated_at, has_occupation, has_award_received",6,1509,9054
"has_place_of_birth, has_position_held, has_educated_at, has_occupation, has_award_received, has_date_of_birth",6,1509,9054
"has_place_of_birth, has_gender, has_country_of_citizenship, has_position_held, has_educated_at, has_award_received",6,1507,9042
"has_place_of_birth, has_country_of_citizenship, has_position_held, has_educated_at, has_award_received, has_date_of_birth",6,1507,9042
"has_place_of_birth, has_country_of_citizenship, has_position_held, has_educated_at, has_occupation, has_award_received",6,1507,9042
"has_place_of_birth, has_place_of_death, has_country_of_citizenship, has_educated_at, has_occupation, has_award_received, has_date_of_birth",7,1287,9009
"has_place_of_birth, has_place_of_death, has_gender, has_country_of_citizenship, has_educated_at, has_award_received, has_date_of_birth",7,1287,9009
"has_place_of_birth, has_place_of_death, has_gender, has_country_of_citizenship, has_educated_at, has_award_received, has_date_of_death",7,1287,9009
"has_place_of_birth, has_place_of_death, has_gender, has_country_of_citizenship, has_educated_at, has_occupation, has_award_received",7,1287,9009
"has_place_of_birth, has_place_of_death, has_country_of_citizenship, has_educated_at, has_occupation, has_award_received, has_date_of_death",7,1287,9009
"has_place_of_birth, has_place_of_death, has_country_of_citizenship, has_educated_at, has_award_received, has_date_of_death, has_date_of_birth",7,1287,9009
"has_gender, has_position_held, has_occupation, has_award_received",4,2232,8928
"has_gender, has_position_held, has_award_received, has_date_of_birth",4,2231,8924
"has_position_held, has_occupation, has_award_received, has_date_of_birth",4,2231,8924
"has_place_of_birth, has_gender, has_country_of_citizenship, has_position_held, has_occupation, has_award_received, has_date_of_death, has_date_of_birth",8,1109,8872
"has_place_of_death, has_gender, has_position_held, has_occupation, has_date_of_death, has_date_of_birth",6,1475,8850
"has_gender, has_country_of_citizenship, has_position_held, has_award_received",4,2212,8848
"has_country_of_citizenship, has_position_held, has_occupation, has_award_received",4,2212,8848
"has_place_of_birth, has_gender, has_position_held, has_date_of_death, has_date_of_birth",5,1769,8845
"has_place_of_birth, has_gender, has_position_held, has_occupation, has_date_of_death",5,1769,8845
"has_place_of_birth, has_position_held, has_occupation, has_date_of_death, has_date_of_birth",5,1769,8845
"has_country_of_citizenship, has_position_held, has_award_received, has_date_of_birth",4,2211,8844
"has_gender, has_country_of_citizenship, has_educated_at, has_occupation, has_employer, has_date_of_birth",6,1465,8790
"has_place_of_birth, has_gender, has_country_of_citizenship, has_field_of_work, has_occupation, has_date_of_death",6,1453,8718
"has_place_of_birth, has_gender, has_country_of_citizenship, has_field_of_work, has_date_of_death, has_date_of_birth",6,1453,8718
"has_place_of_birth, has_country_of_citizenship, has_field_of_work, has_occupation, has_date_of_death, has_date_of_birth",6,1453,8718
"has_place_of_birth, has_field_of_work, has_occupation, has_date_of_death, has_date_of_birth",5,1742,8710
"has_place_of_birth, has_gender, has_field_of_work, has_occupation, has_date_of_death",5,1742,8710
"has_place_of_birth, has_gender, has_field_of_work, has_date_of_death, has_date_of_birth",5,1742,8710
"has_place_of_birth, has_position_held, has_occupation, has_award_received",4,2172,8688
"has_place_of_birth, has_position_held, has_award_received, has_date_of_birth",4,2172,8688
"has_place_of_birth, has_gender, has_position_held, has_award_received",4,2172,8688
"has_place_of_birth, has_gender, has_country_of_citizenship, has_educated_at, has_field_of_work, has_occupation, has_date_of_birth",7,1239,8673
"has_place_of_birth, has_country_of_citizenship, has_position_held, has_award_received",4,2155,8620
"has_place_of_birth, has_gender, has_country_of_citizenship, has_position_held, has_date_of_death",5,1719,8595
"has_place_of_birth, has_country_of_citizenship, has_position_held, has_date_of_death, has_date_of_birth",5,1719,8595
"has_place_of_birth, has_country_of_citizenship, has_position_held, has_occupation, has_date_of_death",5,1719,8595
"has_place_of_birth, has_place_of_death, has_position_held, has_occupation, has_date_of_death, has_date_of_birth",6,1431,8586
"has_place_of_birth, has_place_of_death, has_gender, has_position_held, has_date_of_death, has_date_of_birth",6,1431,8586
"has_place_of_birth, has_place_of_death, has_gender, has_position_held, has_occupation, has_date_of_death",6,1431,8586
"has_place_of_birth, has_place_of_death, has_gender, has_position_held, has_occupation, has_date_of_birth",6,1431,8586
"has_gender, has_country_of_citizenship, has_occupation, has_employer, has_date_of_birth",5,1709,8545
"has_place_of_death, has_gender, has_country_of_citizenship, has_position_held, has_occupation, has_date_of_birth",6,1422,8532
"has_place_of_death, has_gender, has_country_of_citizenship, has_position_held, has_date_of_death, has_date_of_birth",6,1422,8532
"has_place_of_death, has_country_of_citizenship, has_position_held, has_occupation, has_date_of_death, has_date_of_birth",6,1422,8532
"has_place_of_death, has_gender, has_country_of_citizenship, has_position_held, has_occupation, has_date_of_death",6,1422,8532
"has_place_of_birth, has_gender, has_educated_at, has_occupation, has_employer, has_date_of_birth",6,1407,8442
"has_place_of_birth, has_gender, has_country_of_citizenship, has_field_of_work",4,2095,8380
"has_place_of_birth, has_country_of_citizenship, has_field_of_work, has_date_of_birth",4,2095,8380
"has_place_of_birth, has_country_of_citizenship, has_field_of_work, has_occupation",4,2095,8380
"has_place_of_birth, has_place_of_death, has_country_of_citizenship, has_position_held, has_date_of_death, has_date_of_birth",6,1385,8310
"has_place_of_birth, has_place_of_death, has_country_of_citizenship, has_position_held, has_occupation, has_date_of_birth",6,1385,8310
"has_place_of_birth, has_place_of_death, has_gender, has_country_of_citizenship, has_position_held, has_occupation",6,1385,8310
"has_place_of_birth, has_place_of_death, has_gender, has_country_of_citizenship, has_position_held, has_date_of_death",6,1385,8310
"has_place_of_birth, has_place_of_death, has_gender, has_country_of_citizenship, has_position_held, has_date_of_birth",6,1385,8310
"has_place_of_birth, has_place_of_death, has_country_of_citizenship, has_position_held, has_occupation, has_date_of_death",6,1385,8310
"has_place_of_birth, has_gender, has_spouse, has_country_of_citizenship, has_occupation, has_date_of_birth",6,1379,8274
"has_gender, has_field_of_work, has_occupation, has_date_of_death",4,2067,8268
"has_place_of_birth, has_country_of_citizenship, has_educated_at, has_occupation, has_employer, has_date_of_birth",6,1378,8268
"has_place_of_birth, has_gender, has_country_of_citizenship, has_educated_at, has_employer, has_date_of_birth",6,1378,8268
"has_place_of_birth, has_gender, has_country_of_citizenship, has_educated_at, has_occupation, has_employer",6,1378,8268
"has_field_of_work, has_occupation, has_date_of_death, has_date_of_birth",4,2064,8256
"has_gender, has_field_of_work, has_date_of_death, has_date_of_birth",4,2063,8252
"has_place_of_death, has_country_of_citizenship, has_field_of_work, has_occupation, has_date_of_death, has_date_of_birth",6,1365,8190
"has_place_of_death, has_gender, has_country_of_citizenship, has_field_of_work, has_date_of_death, has_date_of_birth",6,1365,8190
"has_place_of_death, has_gender, has_country_of_citizenship, has_field_of_work, has_occupation, has_date_of_death",6,1365,8190
"has_place_of_death, has_gender, has_country_of_citizenship, has_field_of_work, has_occupation, has_date_of_birth",6,1365,8190
"has_place_of_death, has_gender, has_field_of_work, has_occupation, has_date_of_birth",5,1635,8175
"has_place_of_death, has_field_of_work, has_occupation, has_date_of_death, has_date_of_birth",5,1634,8170
"has_place_of_death, has_gender, has_field_of_work, has_occupation, has_date_of_death",5,1634,8170
"has_place_of_death, has_gender, has_field_of_work, has_date_of_death, has_date_of_birth",5,1634,8170
"has_place_of_birth, has_gender, has_occupation, has_employer, has_date_of_birth",5,1617,8085
"has_place_of_death, has_educated_at, has_occupation, has_award_received, has_date_of_death, has_date_of_birth",6,1340,8040
"has_place_of_death, has_gender, has_educated_at, has_award_received, has_date_of_death, has_date_of_birth",6,1340,8040
"has_place_of_death, has_gender, has_educated_at, has_occupation, has_award_received, has_date_of_birth",6,1340,8040
"has_place_of_death, has_gender, has_educated_at, has_occupation, has_award_received, has_date_of_death",6,1340,8040
"has_gender, has_country_of_citizenship, has_position_held, has_occupation, has_award_received, has_date_of_death, has_date_of_birth",7,1148,8036
"has_place_of_birth, has_gender, has_educated_at, has_field_of_work, has_occupation, has_date_of_birth",6,1339,8034
"has_gender, has_educated_at, has_occupation, has_award_received, has_date_of_death",5,1597,7985
"has_educated_at, has_occupation, has_award_received, has_date_of_death, has_date_of_birth",5,1597,7985
"has_gender, has_educated_at, has_award_received, has_date_of_death, has_date_of_birth",5,1597,7985
"has_place_of_birth, has_gender, has_country_of_citizenship, has_occupation, has_employer",5,1583,7915
"has_gender, has_country_of_citizenship, has_educated_at, has_field_of_work, has_occupation, has_date_of_birth",6,1318,7908
"has_place_of_birth, has_country_of_citizenship, has_occupation, has_employer, has_date_of_birth",5,1581,7905
"has_place_of_birth, has_gender, has_country_of_citizenship, has_employer, has_date_of_birth",5,1581,7905
"has_place_of_birth, has_place_of_death, has_gender, has_country_of_citizenship, has_field_of_work, has_occupation",6,1316,7896
"has_place_of_birth, has_place_of_death, has_country_of_citizenship, has_field_of_work, has_occupation, has_date_of_birth",6,1316,7896
"has_place_of_birth, has_place_of_death, has_country_of_citizenship, has_field_of_work, has_occupation, has_date_of_death",6,1316,7896
"has_place_of_birth, has_place_of_death, has_country_of_citizenship, has_field_of_work, has_date_of_death, has_date_of_birth",6,1316,7896
"has_place_of_birth, has_place_of_death, has_gender, has_country_of_citizenship, has_field_of_work, has_date_of_birth",6,1316,7896
"has_place_of_birth, has_place_of_death, has_gender, has_country_of_citizenship, has_field_of_work, has_date_of_death",6,1316,7896
"has_gender, has_country_of_citizenship, has_field_of_work, has_occupation, has_date_of_death",5,1578,7890
"has_gender, has_country_of_citizenship, has_field_of_work, has_date_of_death, has_date_of_birth",5,1577,7885
"has_country_of_citizenship, has_field_of_work, has_occupation, has_date_of_death, has_date_of_birth",5,1577,7885
"has_place_of_death, has_gender, has_country_of_citizenship, has_educated_at, has_award_received, has_date_of_birth",6,1314,7884
"has_place_of_death, has_country_of_citizenship, has_educated_at, has_award_received, has_date_of_death, has_date_of_birth",6,1314,7884
"has_place_of_death, has_country_of_citizenship, has_educated_at, has_occupation, has_award_received, has_date_of_birth",6,1314,7884
"has_place_of_death, has_country_of_citizenship, has_educated_at, has_occupation, has_award_received, has_date_of_death",6,1314,7884
"has_place_of_death, has_gender, has_country_of_citizenship, has_educated_at, has_occupation, has_award_received",6,1314,7884
"has_place_of_death, has_gender, has_country_of_citizenship, has_educated_at, has_award_received, has_date_of_death",6,1314,7884
"has_place_of_birth, has_place_of_death, has_gender, has_educated_at, has_occupation, has_award_received",6,1313,7878
"has_place_of_birth, has_place_of_death, has_gender, has_educated_at, has_award_received, has_date_of_death",6,1313,7878
"has_place_of_birth, has_place_of_death, has_educated_at, has_award_received, has_date_of_death, has_date_of_birth",6,1313,7878
"has_place_of_birth, has_place_of_death, has_educated_at, has_occupation, has_award_received, has_date_of_birth",6,1313,7878
"has_place_of_birth, has_place_of_death, has_educated_at, has_occupation, has_award_received, has_date_of_death",6,1313,7878
"has_place_of_birth, has_place_of_death, has_gender, has_educated_at, has_award_received, has_date_of_birth",6,1313,7878
"has_place_of_birth, has_gender, has_position_held, has_occupation, has_award_received, has_date_of_death, has_date_of_birth",7,1124,7868
"has_country_of_citizenship, has_educated_at, has_award_received, has_date_of_death, has_date_of_birth",5,1566,7830
"has_gender, has_country_of_citizenship, has_educated_at, has_award_received, has_date_of_death",5,1566,7830
"has_country_of_citizenship, has_educated_at, has_occupation, has_award_received, has_date_of_death",5,1566,7830
"has_place_of_birth, has_gender, has_country_of_citizenship, has_position_held, has_occupation, has_award_received, has_date_of_death",7,1109,7763
"has_place_of_birth, has_country_of_citizenship, has_position_held, has_occupation, has_award_received, has_date_of_death, has_date_of_birth",7,1109,7763
"has_place_of_birth, has_gender, has_country_of_citizenship, has_position_held, has_award_received, has_date_of_death, has_date_of_birth",7,1109,7763
"has_place_of_birth, has_place_of_death, has_gender, has_field_of_work, has_date_of_birth",5,1548,7740
"has_place_of_birth, has_place_of_death, has_field_of_work, has_occupation, has_date_of_birth",5,1548,7740
"has_place_of_birth, has_place_of_death, has_gender, has_field_of_work, has_occupation",5,1548,7740
"has_place_of_birth, has_place_of_death, has_field_of_work, has_date_of_death, has_date_of_birth",5,1547,7735
"has_place_of_birth, has_place_of_death, has_field_of_work, has_occupation, has_date_of_death",5,1547,7735
"has_place_of_birth, has_place_of_death, has_gender, has_field_of_work, has_date_of_death",5,1547,7735
"has_place_of_birth, has_educated_at, has_occupation, has_award_received, has_date_of_death",5,1546,7730
"has_place_of_birth, has_educated_at, has_award_received, has_date_of_death, has_date_of_birth",5,1546,7730
"has_gender, has_position_held, has_educated_at, has_occupation, has_award_received",5,1546,7730
"has_place_of_birth, has_gender, has_educated_at, has_award_received, has_date_of_death",5,1546,7730
"has_position_held, has_educated_at, has_occupation, has_award_received, has_date_of_birth",5,1545,7725
"has_gender, has_position_held, has_educated_at, has_award_received, has_date_of_birth",5,1545,7725
"has_place_of_birth, has_place_of_death, has_gender, has_country_of_citizenship, has_educated_at, has_award_received",6,1287,7722
"has_place_of_birth, has_place_of_death, has_country_of_citizenship, has_educated_at, has_award_received, has_date_of_death",6,1287,7722
"has_place_of_birth, has_place_of_death, has_country_of_citizenship, has_educated_at, has_occupation, has_award_received",6,1287,7722
"has_place_of_birth, has_place_of_death, has_country_of_citizenship, has_educated_at, has_award_received, has_date_of_birth",6,1287,7722
"has_country_of_citizenship, has_position_held, has_educated_at, has_occupation, has_award_received",5,1544,7720
"has_gender, has_country_of_citizenship, has_position_held, has_educated_at, has_award_received",5,1544,7720
"has_country_of_citizenship, has_position_held, has_educated_at, has_award_received, has_date_of_birth",5,1543,7715
"has_place_of_birth, has_gender, has_country_of_citizenship, has_field_of_work, has_occupation, has_award_received, has_date_of_birth",7,1088,7616
"has_place_of_birth, has_country_of_citizenship, has_educated_at, has_award_received, has_date_of_death",5,1517,7585
"has_place_of_birth, has_position_held, has_educated_at, has_occupation, has_award_received",5,1509,7545
"has_place_of_birth, has_gender, has_position_held, has_educated_at, has_award_received",5,1509,7545
"has_place_of_birth, has_position_held, has_educated_at, has_award_received, has_date_of_birth",5,1509,7545
"has_gender, has_position_held, has_occupation, has_date_of_death",4,1885,7540
"has_place_of_birth, has_country_of_citizenship, has_position_held, has_educated_at, has_award_received",5,1507,7535
"has_gender, has_position_held, has_date_of_death, has_date_of_birth",4,1883,7532
"has_position_held, has_occupation, has_date_of_death, has_date_of_birth",4,1883,7532
"has_gender, has_educated_at, has_occupation, has_employer, has_date_of_birth",5,1498,7490
"has_place_of_birth, has_country_of_citizenship, has_educated_at, has_field_of_work, has_occupation, has_date_of_birth",6,1239,7434
"has_place_of_birth, has_gender, has_country_of_citizenship, has_educated_at, has_field_of_work, has_date_of_birth",6,1239,7434
"has_place_of_birth, has_gender, has_country_of_citizenship, has_educated_at, has_field_of_work, has_occupation",6,1239,7434
"has_place_of_death, has_position_held, has_occupation, has_date_of_death, has_date_of_birth",5,1475,7375
"has_place_of_death, has_gender, has_position_held, has_occupation, has_date_of_birth",5,1475,7375
"has_place_of_death, has_gender, has_position_held, has_occupation, has_date_of_death",5,1475,7375
"has_place_of_death, has_gender, has_position_held, has_date_of_death, has_date_of_birth",5,1475,7375
"has_gender, has_country_of_citizenship, has_educated_at, has_occupation, has_employer",5,1472,7360
"has_gender, has_country_of_citizenship, has_educated_at, has_employer, has_date_of_birth",5,1465,7325
"has_country_of_citizenship, has_educated_at, has_occupation, has_employer, has_date_of_birth",5,1465,7325
"has_gender, has_country_of_citizenship, has_position_held, has_date_of_death",4,1822,7288
"has_country_of_citizenship, has_position_held, has_occupation, has_date_of_death",4,1822,7288
"has_country_of_citizenship, has_position_held, has_date_of_death, has_date_of_birth",4,1820,7280
"has_gender, has_spouse, has_country_of_citizenship, has_occupation, has_date_of_birth",5,1455,7275
"has_place_of_birth, has_country_of_citizenship, has_field_of_work, has_occupation, has_date_of_death",5,1453,7265
"has_place_of_birth, has_country_of_citizenship, has_field_of_work, has_date_of_death, has_date_of_birth",5,1453,7265
"has_place_of_birth, has_gender, has_country_of_citizenship, has_field_of_work, has_date_of_death",5,1453,7265
"has_gender, has_educated_at, has_field_of_work, has_occupation, has_date_of_birth",5,1445,7225
"has_place_of_birth, has_place_of_death, has_gender, has_position_held, has_date_of_birth",5,1431,7155
"has_place_of_birth, has_place_of_death, has_gender, has_position_held, has_occupation",5,1431,7155
"has_place_of_birth, has_place_of_death, has_position_held, has_occupation, has_date_of_birth",5,1431,7155
"has_place_of_birth, has_place_of_death, has_position_held, has_occupation, has_date_of_death",5,1431,7155
"has_place_of_birth, has_place_of_death, has_position_held, has_date_of_death, has_date_of_birth",5,1431,7155
"has_place_of_birth, has_place_of_death, has_gender, has_position_held, has_date_of_death",5,1431,7155
"has_place_of_birth, has_gender, has_field_of_work, has_occupation, has_award_received, has_date_of_birth",6,1186,7116
"has_place_of_death, has_gender, has_country_of_citizenship, has_position_held, has_date_of_death",5,1422,7110
"has_place_of_death, has_country_of_citizenship, has_position_held, has_date_of_death, has_date_of_birth",5,1422,7110
"has_place_of_death, has_country_of_citizenship, has_position_held, has_occupation, has_date_of_death",5,1422,7110
"has_place_of_death, has_gender, has_country_of_citizenship, has_position_held, has_occupation",5,1422,7110
"has_place_of_death, has_gender, has_country_of_citizenship, has_position_held, has_date_of_birth",5,1422,7110
"has_place_of_death, has_country_of_citizenship, has_position_held, has_occupation, has_date_of_birth",5,1422,7110
"has_place_of_birth, has_position_held, has_date_of_death, has_date_of_birth",4,1769,7076
"has_place_of_birth, has_position_held, has_occupation, has_date_of_death",4,1769,7076
"has_place_of_birth, has_gender, has_position_held, has_date_of_death",4,1769,7076
"has_place_of_birth, has_educated_at, has_occupation, has_employer, has_date_of_birth",5,1407,7035
"has_place_of_birth, has_gender, has_educated_at, has_occupation, has_employer",5,1407,7035
"has_place_of_birth, has_gender, has_educated_at, has_employer, has_date_of_birth",5,1407,7035
"has_place_of_birth, has_gender, has_spouse, has_occupation, has_date_of_birth",5,1402,7010
"has_gender, has_occupation, has_employer, has_date_of_birth",4,1750,7000
"has_gender, has_position_held, has_occupation, has_award_received, has_date_of_death, has_date_of_birth",6,1166,6996
"has_place_of_birth, has_gender, has_field_of_work, has_date_of_death",4,1742,6968
"has_place_of_birth, has_field_of_work, has_occupation, has_date_of_death",4,1742,6968
"has_place_of_birth, has_field_of_work, has_date_of_death, has_date_of_birth",4,1742,6968
"has_place_of_birth, has_place_of_death, has_country_of_citizenship, has_position_held, has_occupation",5,1385,6925
"has_place_of_birth, has_place_of_death, has_gender, has_country_of_citizenship, has_position_held",5,1385,6925
"has_place_of_birth, has_place_of_death, has_country_of_citizenship, has_position_held, has_date_of_death",5,1385,6925
"has_place_of_birth, has_place_of_death, has_country_of_citizenship, has_position_held, has_date_of_birth",5,1385,6925
"has_gender, has_country_of_citizenship, has_occupation, has_employer",4,1724,6896
"has_place_of_birth, has_gender, has_spouse, has_country_of_citizenship, has_occupation",5,1379,6895
"has_place_of_birth, has_spouse, has_country_of_citizenship, has_occupation, has_date_of_birth",5,1379,6895
"has_place_of_birth, has_gender, has_spouse, has_country_of_citizenship, has_date_of_birth",5,1379,6895
"has_place_of_birth, has_country_of_citizenship, has_educated_at, has_employer, has_date_of_birth",5,1378,6890
"has_place_of_birth, has_gender, has_country_of_citizenship, has_educated_at, has_employer",5,1378,6890
"has_place_of_birth, has_country_of_citizenship, has_educated_at, has_occupation, has_employer",5,1378,6890
"has_gender, has_country_of_citizenship, has_position_held, has_occupation, has_award_received, has_date_of_death",6,1148,6888
"has_gender, has_country_of_citizenship, has_position_held, has_award_received, has_date_of_death, has_date_of_birth",6,1148,6888
"has_country_of_citizenship, has_position_held, has_occupation, has_award_received, has_date_of_death, has_date_of_birth",6,1148,6888
"has_place_of_birth, has_country_of_citizenship, has_position_held, has_date_of_death",4,1719,6876
"has_gender, has_country_of_citizenship, has_field_of_work, has_occupation, has_award_received, has_date_of_birth",6,1142,6852
"has_country_of_citizenship, has_occupation, has_employer, has_date_of_birth",4,1709,6836
"has_gender, has_country_of_citizenship, has_employer, has_date_of_birth",4,1709,6836
"has_place_of_death, has_gender, has_country_of_citizenship, has_field_of_work, has_date_of_birth",5,1365,6825
"has_place_of_death, has_gender, has_country_of_citizenship, has_field_of_work, has_occupation",5,1365,6825
"has_place_of_death, has_country_of_citizenship, has_field_of_work, has_occupation, has_date_of_death",5,1365,6825
"has_place_of_death, has_country_of_citizenship, has_field_of_work, has_occupation, has_date_of_birth",5,1365,6825
"has_place_of_death, has_country_of_citizenship, has_field_of_work, has_date_of_death, has_date_of_birth",5,1365,6825
"has_place_of_death, has_gender, has_country_of_citizenship, has_field_of_work, has_date_of_death",5,1365,6825
"has_place_of_birth, has_gender, has_position_held, has_occupation, has_award_received, has_date_of_death",6,1124,6744
"has_place_of_birth, has_position_held, has_occupation, has_award_received, has_date_of_death, has_date_of_birth",6,1124,6744
"has_place_of_birth, has_gender, has_position_held, has_award_received, has_date_of_death, has_date_of_birth",6,1124,6744
"has_place_of_death, has_educated_at, has_occupation, has_award_received, has_date_of_death",5,1340,6700
"has_place_of_death, has_gender, has_educated_at, has_occupation, has_award_received",5,1340,6700
"has_place_of_death, has_gender, has_educated_at, has_award_received, has_date_of_birth",5,1340,6700
"has_place_of_death, has_gender, has_educated_at, has_award_received, has_date_of_death",5,1340,6700
"has_place_of_death, has_educated_at, has_award_received, has_date_of_death, has_date_of_birth",5,1340,6700
"has_place_of_death, has_educated_at, has_occupation, has_award_received, has_date_of_birth",5,1340,6700
"has_place_of_birth, has_gender, has_educated_at, has_field_of_work, has_occupation",5,1339,6695
"has_place_of_birth, has_gender, has_educated_at, has_field_of_work, has_date_of_birth",5,1339,6695
"has_place_of_birth, has_educated_at, has_field_of_work, has_occupation, has_date_of_birth",5,1339,6695
"has_place_of_birth, has_country_of_citizenship, has_position_held, has_award_received, has_date_of_death, has_date_of_birth",6,1109,6654
"has_place_of_birth, has_country_of_citizenship, has_position_held, has_occupation, has_award_received, has_date_of_death",6,1109,6654
"has_place_of_birth, has_gender, has_country_of_citizenship, has_position_held, has_award_received, has_date_of_death",6,1109,6654
"has_gender, has_country_of_citizenship, has_educated_at, has_field_of_work, has_occupation",5,1322,6610
"has_gender, has_country_of_citizenship, has_educated_at, has_field_of_work, has_date_of_birth",5,1318,6590
"has_country_of_citizenship, has_educated_at, has_field_of_work, has_occupation, has_date_of_birth",5,1318,6590
"has_place_of_birth, has_place_of_death, has_country_of_citizenship, has_field_of_work, has_date_of_death",5,1316,6580
"has_place_of_birth, has_place_of_death, has_country_of_citizenship, has_field_of_work, has_occupation",5,1316,6580
"has_place_of_birth, has_place_of_death, has_country_of_citizenship, has_field_of_work, has_date_of_birth",5,1316,6580
"has_place_of_birth, has_place_of_death, has_gender, has_country_of_citizenship, has_field_of_work",5,1316,6580
"has_place_of_death, has_country_of_citizenship, has_educated_at, has_occupation, has_award_received",5,1314,6570
"has_place_of_death, has_gender, has_country_of_citizenship, has_educated_at, has_award_received",5,1314,6570
"has_place_of_death, has_country_of_citizenship, has_educated_at, has_award_received, has_date_of_birth",5,1314,6570
"has_place_of_death, has_country_of_citizenship, has_educated_at, has_award_received, has_date_of_death",5,1314,6570
"has_place_of_birth, has_place_of_death, has_educated_at, has_award_received, has_date_of_birth",5,1313,6565
"has_place_of_birth, has_place_of_death, has_educated_at, has_award_received, has_date_of_death",5,1313,6565
"has_place_of_birth, has_place_of_death, has_educated_at, has_occupation, has_award_received",5,1313,6565
"has_place_of_birth, has_place_of_death, has_gender, has_educated_at, has_award_received",5,1313,6565
"has_place_of_death, has_gender, has_field_of_work, has_occupation",4,1635,6540
"has_place_of_death, has_gender, has_field_of_work, has_date_of_birth",4,1635,6540
"has_place_of_death, has_field_of_work, has_occupation, has_date_of_birth",4,1635,6540
"has_place_of_death, has_field_of_work, has_date_of_death, has_date_of_birth",4,1634,6536
"has_place_of_death, has_gender, has_field_of_work, has_date_of_death",4,1634,6536
"has_place_of_death, has_field_of_work, has_occupation, has_date_of_death",4,1634,6536
"has_place_of_birth, has_gender, has_country_of_citizenship, has_field_of_work, has_occupation, has_award_received",6,1088,6528
"has_place_of_birth, has_gender, has_country_of_citizenship, has_field_of_work, has_award_received, has_date_of_birth",6,1088,6528
"has_place_of_birth, has_country_of_citizenship, has_field_of_work, has_occupation, has_award_received, has_date_of_birth",6,1088,6528
"has_place_of_birth, has_gender, has_occupation, has_employer",4,1620,6480
"has_place_of_birth, has_gender, has_employer, has_date_of_birth",4,1617,6468
"has_place_of_birth, has_occupation, has_employer, has_date_of_birth",4,1617,6468
"has_place_of_birth, has_place_of_death, has_country_of_citizenship, has_educated_at, has_award_received",5,1287,6435
"has_educated_at, has_award_received, has_date_of_death, has_date_of_birth",4,1597,6388
"has_educated_at, has_occupation, has_award_received, has_date_of_death",4,1597,6388
"has_gender, has_educated_at, has_award_received, has_date_of_death",4,1597,6388
"has_place_of_birth, has_gender, has_country_of_citizenship, has_employer",4,1583,6332
"has_place_of_birth, has_country_of_citizenship, has_occupation, has_employer",4,1583,6332
"has_place_of_birth, has_country_of_citizenship, has_employer, has_date_of_birth",4,1581,6324
"has_gender, has_country_of_citizenship, has_field_of_work, has_date_of_death",4,1578,6312
"has_country_of_citizenship, has_field_of_work, has_occupation, has_date_of_death",4,1578,6312
"has_country_of_citizenship, has_field_of_work, has_date_of_death, has_date_of_birth",4,1577,6308
"has_gender, has_field_of_work, has_occupation, has_award_received, has_date_of_birth",5,1261,6305
"has_country_of_citizenship, has_educated_at, has_award_received, has_date_of_death",4,1566,6264
"has_place_of_birth, has_country_of_citizenship, has_educated_at, has_field_of_work, has_date_of_birth",5,1239,6195
"has_place_of_birth, has_country_of_citizenship, has_educated_at, has_field_of_work, has_occupation",5,1239,6195
"has_place_of_birth, has_gender, has_country_of_citizenship, has_educated_at, has_field_of_work",5,1239,6195
"has_place_of_birth, has_place_of_death, has_field_of_work, has_occupation",4,1548,6192
"has_place_of_birth, has_place_of_death, has_field_of_work, has_date_of_birth",4,1548,6192
"has_place_of_birth, has_place_of_death, has_gender, has_field_of_work",4,1548,6192
"has_place_of_birth, has_place_of_death, has_field_of_work, has_date_of_death",4,1547,6188
"has_place_of_birth, has_educated_at, has_award_received, has_date_of_death",4,1546,6184
"has_gender, has_position_held, has_educated_at, has_award_received",4,1546,6184
"has_position_held, has_educated_at, has_occupation, has_award_received",4,1546,6184
"has_position_held, has_educated_at, has_award_received, has_date_of_birth",4,1545,6180
"has_country_of_citizenship, has_position_held, has_educated_at, has_award_received",4,1544,6176
"has_gender, has_position_held, has_educated_at, has_occupation, has_date_of_death, has_date_of_birth",6,1021,6126
"has_place_of_birth, has_position_held, has_educated_at, has_award_received",4,1509,6036
"has_gender, has_educated_at, has_occupation, has_employer",4,1507,6028
"has_educated_at, has_occupation, has_employer, has_date_of_birth",4,1498,5992
"has_gender, has_educated_at, has_employer, has_date_of_birth",4,1498,5992
"has_gender, has_spouse, has_occupation, has_date_of_birth",4,1487,5948
"has_place_of_birth, has_field_of_work, has_occupation, has_award_received, has_date_of_birth",5,1186,5930
"has_place_of_birth, has_gender, has_field_of_work, has_occupation, has_award_received",5,1186,5930
"has_place_of_birth, has_gender, has_field_of_work, has_award_received, has_date_of_birth",5,1186,5930
"has_place_of_death, has_position_held, has_date_of_death, has_date_of_birth",4,1475,5900
"has_place_of_death, has_position_held, has_occupation, has_date_of_birth",4,1475,5900
"has_place_of_death, has_gender, has_position_held, has_date_of_death",4,1475,5900
"has_place_of_death, has_position_held, has_occupation, has_date_of_death",4,1475,5900
"has_place_of_death, has_gender, has_position_held, has_occupation",4,1475,5900
"has_place_of_death, has_gender, has_position_held, has_date_of_birth",4,1475,5900
"has_gender, has_country_of_citizenship, has_educated_at, has_employer",4,1472,5888
"has_country_of_citizenship, has_educated_at, has_occupation, has_employer",4,1472,5888
"has_country_of_citizenship, has_educated_at, has_employer, has_date_of_birth",4,1465,5860
"has_gender, has_spouse, has_country_of_citizenship, has_occupation",4,1463,5852
"has_position_held, has_occupation, has_award_received, has_date_of_death, has_date_of_birth",5,1166,5830
"has_gender, has_position_held, has_award_received, has_date_of_death, has_date_of_birth",5,1166,5830
"has_gender, has_position_held, has_occupation, has_award_received, has_date_of_death",5,1166,5830
"has_spouse, has_country_of_citizenship, has_occupation, has_date_of_birth",4,1455,5820
"has_gender, has_spouse, has_country_of_citizenship, has_date_of_birth",4,1455,5820
"has_place_of_birth, has_country_of_citizenship, has_field_of_work, has_date_of_death",4,1453,5812
"has_gender, has_educated_at, has_field_of_work, has_occupation",4,1450,5800
"has_gender, has_educated_at, has_field_of_work, has_date_of_birth",4,1445,5780
"has_educated_at, has_field_of_work, has_occupation, has_date_of_birth",4,1445,5780
"has_gender, has_country_of_citizenship, has_position_held, has_award_received, has_date_of_death",5,1148,5740
"has_country_of_citizenship, has_position_held, has_occupation, has_award_received, has_date_of_death",5,1148,5740
"has_country_of_citizenship, has_position_held, has_award_received, has_date_of_death, has_date_of_birth",5,1148,5740
"has_place_of_birth, has_place_of_death, has_gender, has_position_held",4,1431,5724
"has_place_of_birth, has_place_of_death, has_position_held, has_occupation",4,1431,5724
"has_place_of_birth, has_place_of_death, has_position_held, has_date_of_birth",4,1431,5724
"has_place_of_birth, has_place_of_death, has_position_held, has_date_of_death",4,1431,5724
"has_gender, has_country_of_citizenship, has_field_of_work, has_occupation, has_award_received",5,1142,5710
"has_country_of_citizenship, has_field_of_work, has_occupation, has_award_received, has_date_of_birth",5,1142,5710
"has_gender, has_country_of_citizenship, has_field_of_work, has_award_received, has_date_of_birth",5,1142,5710
"has_place_of_death, has_country_of_citizenship, has_position_held, has_date_of_death",4,1422,5688
"has_place_of_death, has_gender, has_country_of_citizenship, has_position_held",4,1422,5688
"has_place_of_death, has_country_of_citizenship, has_position_held, has_occupation",4,1422,5688
"has_place_of_death, has_country_of_citizenship, has_position_held, has_date_of_birth",4,1422,5688
"has_place_of_birth, has_educated_at, has_employer, has_date_of_birth",4,1407,5628
"has_place_of_birth, has_gender, has_educated_at, has_employer",4,1407,5628
"has_place_of_birth, has_educated_at, has_occupation, has_employer",4,1407,5628
"has_place_of_birth, has_position_held, has_occupation, has_award_received, has_date_of_death",5,1124,5620
"has_place_of_birth, has_position_held, has_award_received, has_date_of_death, has_date_of_birth",5,1124,5620
"has_place_of_birth, has_gender, has_position_held, has_award_received, has_date_of_death",5,1124,5620
"has_place_of_birth, has_gender, has_spouse, has_date_of_birth",4,1402,5608
"has_place_of_birth, has_spouse, has_occupation, has_date_of_birth",4,1402,5608
"has_place_of_birth, has_gender, has_spouse, has_occupation",4,1402,5608
"has_place_of_birth, has_country_of_citizenship, has_position_held, has_award_received, has_date_of_death",5,1109,5545
"has_place_of_birth, has_place_of_death, has_country_of_citizenship, has_position_held",4,1385,5540
"has_place_of_birth, has_gender, has_spouse, has_country_of_citizenship",4,1379,5516
"has_place_of_birth, has_spouse, has_country_of_citizenship, has_date_of_birth",4,1379,5516
"has_place_of_birth, has_spouse, has_country_of_citizenship, has_occupation",4,1379,5516
"has_place_of_birth, has_country_of_citizenship, has_educated_at, has_employer",4,1378,5512
"has_place_of_death, has_country_of_citizenship, has_field_of_work, has_date_of_birth",4,1365,5460
"has_place_of_death, has_country_of_citizenship, has_field_of_work, has_occupation",4,1365,5460
"has_place_of_death, has_country_of_citizenship, has_field_of_work, has_date_of_death",4,1365,5460
"has_place_of_death, has_gender, has_country_of_citizenship, has_field_of_work",4,1365,5460
"has_place_of_birth, has_gender, has_country_of_citizenship, has_field_of_work, has_award_received",5,1088,5440
"has_place_of_birth, has_country_of_citizenship, has_field_of_work, has_occupation, has_award_received",5,1088,5440
"has_place_of_birth, has_country_of_citizenship, has_field_of_work, has_award_received, has_date_of_birth",5,1088,5440
"has_place_of_death, has_educated_at, has_occupation, has_award_received",4,1340,5360
"has_place_of_death, has_educated_at, has_award_received, has_date_of_birth",4,1340,5360
"has_place_of_death, has_educated_at, has_award_received, has_date_of_death",4,1340,5360
"has_place_of_death, has_gender, has_educated_at, has_award_received",4,1340,5360
"has_place_of_birth, has_gender, has_educated_at, has_field_of_work",4,1339,5356
"has_place_of_birth, has_educated_at, has_field_of_work, has_occupation",4,1339,5356
"has_place_of_birth, has_educated_at, has_field_of_work, has_date_of_birth",4,1339,5356
"has_country_of_citizenship, has_educated_at, has_field_of_work, has_occupation",4,1322,5288
"has_gender, has_country_of_citizenship, has_educated_at, has_field_of_work",4,1322,5288
"has_country_of_citizenship, has_educated_at, has_field_of_work, has_date_of_birth",4,1318,5272
"has_place_of_birth, has_place_of_death, has_country_of_citizenship, has_field_of_work",4,1316,5264
"has_place_of_death, has_country_of_citizenship, has_educated_at, has_award_received",4,1314,5256
"has_place_of_birth, has_place_of_death, has_educated_at, has_award_received",4,1313,5252
"has_gender, has_position_held, has_educated_at, has_occupation, has_date_of_death",5,1022,5110
"has_position_held, has_educated_at, has_occupation, has_date_of_death, has_date_of_birth",5,1021,5105
"has_gender, has_position_held, has_educated_at, has_date_of_death, has_date_of_birth",5,1021,5105
"has_gender, has_occupation, has_employer, has_award_received, has_date_of_birth",5,1010,5050
"has_gender, has_field_of_work, has_award_received, has_date_of_birth",4,1261,5044
"has_field_of_work, has_occupation, has_award_received, has_date_of_birth",4,1261,5044
"has_gender, has_field_of_work, has_occupation, has_award_received",4,1261,5044
"has_place_of_birth, has_country_of_citizenship, has_educated_at, has_field_of_work",4,1239,4956
"has_place_of_birth, has_field_of_work, has_occupation, has_award_received",4,1186,4744
"has_place_of_birth, has_gender, has_field_of_work, has_award_received",4,1186,4744
"has_place_of_birth, has_field_of_work, has_award_received, has_date_of_birth",4,1186,4744
"has_position_held, has_occupation, has_award_received, has_date_of_death",4,1166,4664
"has_gender, has_position_held, has_award_received, has_date_of_death",4,1166,4664
"has_position_held, has_award_received, has_date_of_death, has_date_of_birth",4,1166,4664
"has_country_of_citizenship, has_position_held, has_award_received, has_date_of_death",4,1148,4592
"has_country_of_citizenship, has_field_of_work, has_occupation, has_award_received",4,1142,4568
"has_country_of_citizenship, has_field_of_work, has_award_received, has_date_of_birth",4,1142,4568
"has_gender, has_country_of_citizenship, has_field_of_work, has_award_received",4,1142,4568
"has_place_of_birth, has_position_held, has_award_received, has_date_of_death",4,1124,4496
"has_place_of_birth, has_country_of_citizenship, has_field_of_work, has_award_received",4,1088,4352
"has_gender, has_position_held, has_educated_at, has_date_of_death",4,1022,4088
"has_position_held, has_educated_at, has_occupation, has_date_of_death",4,1022,4088
"has_position_held, has_educated_at, has_date_of_death, has_date_of_birth",4,1021,4084
"has_occupation, has_employer, has_award_received, has_date_of_birth",4,1010,4040
"has_gender, has_occupation, has_employer, has_award_received",4,1010,4040
"has_gender, has_employer, has_award_received, has_date_of_birth",4,1010,4040
